seed,model,task_id,task_name,route_drift,latent_drift,output_drift
0,Mutualistic09_distill_only,0,0 vs 1,0.0038062094972701743,0.3696472495794296,0.005303624660882633
0,Mutualistic09_distill_only,1,2 vs 3,0.001425552400178276,0.3327615037560463,0.0009995542714023031
0,Mutualistic09_distill_only,2,4 vs 5,0.0029428751731757075,0.2502768859267235,0.0009868758425000124
0,Mutualistic09_distill_only,3,6 vs 7,0.0002448122107141515,0.12744969595223665,0.00014662979901913786
0,Mutualistic09_route_memory_only,0,0 vs 1,0.007825357854017057,0.30800797417759895,0.5516463965177536
0,Mutualistic09_route_memory_only,1,2 vs 3,0.018022815696895123,0.24813540652394295,0.5446225330233574
0,Mutualistic09_route_memory_only,2,4 vs 5,0.008950183691922575,0.16618866100907326,0.13456561136990786
0,Mutualistic09_route_memory_only,3,6 vs 7,0.002337113270186819,0.20551812648773193,0.29636161774396896
0,Mutualistic09_latent_only,0,0 vs 1,0.03377756895497441,0.004634656244888902,0.013099941061227582
0,Mutualistic09_latent_only,1,2 vs 3,0.028920384822413325,0.004149385815253481,0.01282276160782203
0,Mutualistic09_latent_only,2,4 vs 5,0.36969397962093353,0.008991353504825383,0.002390510831901338
0,Mutualistic09_latent_only,3,6 vs 7,0.0018747624274055852,0.0025358349666930735,0.0018405634764349088
0,Mutualistic09_route_plus_latent,0,0 vs 1,0.06988337729126215,0.005263573839329183,0.007694248808547854
0,Mutualistic09_route_plus_latent,1,2 vs 3,0.001769067268469371,0.008201466524042189,0.017552865901961923
0,Mutualistic09_route_plus_latent,2,4 vs 5,0.02522375574335456,0.004782934265676886,0.0006843662049504928
0,Mutualistic09_route_plus_latent,3,6 vs 7,0.007535032345913351,0.004292874655220658,0.0055461114388890564
0,Mutualistic09_full_functional_memory,0,0 vs 1,0.006988634529989213,0.004044848348712549,0.005585830309428275
0,Mutualistic09_full_functional_memory,1,2 vs 3,0.004585612012306228,0.0015364278224296868,0.0019394288829062134
0,Mutualistic09_full_functional_memory,2,4 vs 5,0.0011391446314519271,0.0031666624709032476,0.00018192205652667326
0,Mutualistic09_full_functional_memory,3,6 vs 7,0.0003037935825063176,0.003092059399932623,0.0008038969172048382
1,Mutualistic09_distill_only,0,0 vs 1,0.009075568930711597,0.17835490964353085,0.004468589133466594
1,Mutualistic09_distill_only,1,2 vs 3,0.007312489964533597,0.19992575235664845,0.0029480651282938197
1,Mutualistic09_distill_only,2,4 vs 5,0.0027831541273144467,0.2225098479539156,0.00366130946940757
1,Mutualistic09_distill_only,3,6 vs 7,0.0002637920301822305,0.14087047800421715,0.0001455654673918616
1,Mutualistic09_route_memory_only,0,0 vs 1,0.022411441430449486,0.23848584666848183,1.0129859074950218
1,Mutualistic09_route_memory_only,1,2 vs 3,0.002072237890388351,0.26928501576185226,1.0097670257091522
1,Mutualistic09_route_memory_only,2,4 vs 5,0.007435835021169623,0.13996524922549725,0.12010148353874683
1,Mutualistic09_route_memory_only,3,6 vs 7,0.0024856364709648915,0.2544325888156891,0.948851503431797
1,Mutualistic09_latent_only,0,0 vs 1,0.6392441689968109,0.006430403736885637,0.012495715214754455
1,Mutualistic09_latent_only,1,2 vs 3,0.8873409181833267,0.0035124904534313828,0.013796872925013304
1,Mutualistic09_latent_only,2,4 vs 5,0.0027749376376959844,0.003935201180865988,0.0009854826748778578
1,Mutualistic09_latent_only,3,6 vs 7,0.010455776646267623,0.002709837499423884,0.001481317354773637
1,Mutualistic09_route_plus_latent,0,0 vs 1,0.010633736790623516,0.007263895531650633,0.01647038913506549
1,Mutualistic09_route_plus_latent,1,2 vs 3,0.3269832022488117,0.004065268876729533,0.011079866089858115
1,Mutualistic09_route_plus_latent,2,4 vs 5,0.0006977859343351156,0.004976587166311219,0.001006946466077352
1,Mutualistic09_route_plus_latent,3,6 vs 7,0.0007098722544469638,0.0032752953993622214,0.0006094414820836391
1,Mutualistic09_full_functional_memory,0,0 vs 1,0.00634197416366078,0.006399648904334754,0.006481758697191253
1,Mutualistic09_full_functional_memory,1,2 vs 3,0.013429291429929435,0.0031174412288237363,0.0028356372349662706
1,Mutualistic09_full_functional_memory,2,4 vs 5,0.0002602809290692676,0.0033646408701315522,0.0006110376343713142
1,Mutualistic09_full_functional_memory,3,6 vs 7,0.0001945374829119828,0.0018781564285745844,0.00016799307377368677
2,Mutualistic09_distill_only,0,0 vs 1,0.012132411589846015,0.30776573717594147,0.00361413873906713
2,Mutualistic09_distill_only,1,2 vs 3,0.006126400257926434,0.21010263822972775,0.004187502490822226
2,Mutualistic09_distill_only,2,4 vs 5,2.4100232209889327e-06,0.22139108553528786,0.00034907432109321235
2,Mutualistic09_distill_only,3,6 vs 7,1.824723150356533e-07,0.16262085363268852,0.00011321735269120836
2,Mutualistic09_route_memory_only,0,0 vs 1,0.03240414895117283,0.26573871076107025,0.5799821093678474
2,Mutualistic09_route_memory_only,1,2 vs 3,0.003819189761998132,0.28835077211260796,0.665998175740242
2,Mutualistic09_route_memory_only,2,4 vs 5,0.0035813891590805724,0.22262600995600224,0.8059184402227402
2,Mutualistic09_route_memory_only,3,6 vs 7,0.0008058602309208851,0.19159738533198833,0.5035898424685001
2,Mutualistic09_latent_only,0,0 vs 1,0.03584895026870072,0.0034403473255224526,0.010541458206716925
2,Mutualistic09_latent_only,1,2 vs 3,1.1362671703100204,0.002778914727969095,0.018554391572251916
2,Mutualistic09_latent_only,2,4 vs 5,0.6003369092941284,0.003387527947779745,0.0008591528130637016
2,Mutualistic09_latent_only,3,6 vs 7,0.0011326539191145457,0.005035047826822847,0.0012226381368236616
2,Mutualistic09_route_plus_latent,0,0 vs 1,0.027946827467530966,0.00477456214139238,0.013648187043145299
2,Mutualistic09_route_plus_latent,1,2 vs 3,0.021224041702225804,0.0031772015208844095,0.005290083005093038
2,Mutualistic09_route_plus_latent,2,4 vs 5,3.3503695364700548e-06,0.005667470919433981,0.0012944885784236249
2,Mutualistic09_route_plus_latent,3,6 vs 7,6.718754359624768e-05,0.0037316939560696483,0.0009489698095421772
2,Mutualistic09_full_functional_memory,0,0 vs 1,0.0035250195651315153,0.005034893925767392,0.0037909995298832655
2,Mutualistic09_full_functional_memory,1,2 vs 3,0.08437508903443813,0.005654179782141,0.004746298160171136
2,Mutualistic09_full_functional_memory,2,4 vs 5,0.0028208870644448325,0.0031416253186762333,0.0002559665854278137
2,Mutualistic09_full_functional_memory,3,6 vs 7,0.00018318333059141878,0.004030326701467857,0.00016251054239546647
3,Mutualistic09_distill_only,0,0 vs 1,0.0142954959301278,0.4530251808464527,0.0034582886146381497
3,Mutualistic09_distill_only,1,2 vs 3,0.002088673340040259,0.2136474084109068,0.00203868918470107
3,Mutualistic09_distill_only,2,4 vs 5,0.0027795374880952295,0.22625439427793026,0.0007377267327228765
3,Mutualistic09_distill_only,3,6 vs 7,0.0010631637132973992,0.13623503036797047,5.598960478891968e-05
3,Mutualistic09_route_memory_only,0,0 vs 1,0.0618343036621809,0.4689103215932846,1.6908183693885803
3,Mutualistic09_route_memory_only,1,2 vs 3,0.004808044788660482,0.30829504504799843,0.4430742748081684
3,Mutualistic09_route_memory_only,2,4 vs 5,0.004503276210016338,0.20113257691264153,0.44895076751708984
3,Mutualistic09_route_memory_only,3,6 vs 7,0.002298648341820808,0.21342657692730427,0.5406075343489647
3,Mutualistic09_latent_only,0,0 vs 1,0.3984844833612442,0.005827930697705597,0.007352672633714974
3,Mutualistic09_latent_only,1,2 vs 3,0.8247926160693169,0.0024288309505209327,0.011765658826334402
3,Mutualistic09_latent_only,2,4 vs 5,0.002615366908685246,0.004791120591107756,0.001261347297258908
3,Mutualistic09_latent_only,3,6 vs 7,7.383040701824939e-05,0.002504086645785719,0.0002615265248095966
3,Mutualistic09_route_plus_latent,0,0 vs 1,0.18398217484354973,0.007602762489113957,0.007711082143941894
3,Mutualistic09_route_plus_latent,1,2 vs 3,0.18528158031404018,0.0033559697039891034,0.009770080156158656
3,Mutualistic09_route_plus_latent,2,4 vs 5,0.003056086672586389,0.004507486504735425,0.0010271426290273666
3,Mutualistic09_route_plus_latent,3,6 vs 7,8.920125679878765e-06,0.0026011950249085203,0.00048504729420528747
3,Mutualistic09_full_functional_memory,0,0 vs 1,0.008380151237361133,0.005356826703064144,0.004160635115113109
3,Mutualistic09_full_functional_memory,1,2 vs 3,6.502800988528179e-05,0.0006733330083079636,0.001313117223617155
3,Mutualistic09_full_functional_memory,2,4 vs 5,0.0018334485248487908,0.008896592655219138,0.002342336906622222
3,Mutualistic09_full_functional_memory,3,6 vs 7,7.411098774667835e-07,0.002448207698762417,0.00028247306909179315
4,Mutualistic09_distill_only,0,0 vs 1,0.00771104238810949,0.2948453724384308,0.006187825551023707
4,Mutualistic09_distill_only,1,2 vs 3,0.015520912478677928,0.2395295612514019,0.002709042528294958
4,Mutualistic09_distill_only,2,4 vs 5,0.0009519910563540179,0.22264176048338413,0.0010727728872552689
4,Mutualistic09_distill_only,3,6 vs 7,1.8886627145775492e-05,0.1625370755791664,6.37672244465648e-05
4,Mutualistic09_route_memory_only,0,0 vs 1,0.045832840260118246,0.29423560947179794,0.7158480361104012
4,Mutualistic09_route_memory_only,1,2 vs 3,0.02033355098683387,0.27533602342009544,0.6495056077837944
4,Mutualistic09_route_memory_only,2,4 vs 5,0.012508004976552911,0.21946017444133759,0.37155856564641
4,Mutualistic09_route_memory_only,3,6 vs 7,0.007204032444860786,0.23750347085297108,0.970921702682972
4,Mutualistic09_latent_only,0,0 vs 1,0.09880123566836119,0.006758537027053535,0.02790324145462364
4,Mutualistic09_latent_only,1,2 vs 3,0.27580601349473,0.002076624659821391,0.008832071500364691
4,Mutualistic09_latent_only,2,4 vs 5,0.00041397309132662485,0.007058338320348412,0.0012645052083826158
4,Mutualistic09_latent_only,3,6 vs 7,7.060435508776663e-05,0.002736275549978018,0.0007006012165220454
4,Mutualistic09_route_plus_latent,0,0 vs 1,0.025853149127215147,0.0065308400662615895,0.01833005461958237
4,Mutualistic09_route_plus_latent,1,2 vs 3,0.039872187189757824,0.0029359732870943844,0.00967504651634954
4,Mutualistic09_route_plus_latent,2,4 vs 5,0.0053060475693200715,0.007622510602232069,0.000881267522345297
4,Mutualistic09_route_plus_latent,3,6 vs 7,0.00018876932699640747,0.0026426258991705254,0.0007291502915904857
4,Mutualistic09_full_functional_memory,0,0 vs 1,0.013265784073155373,0.004252958431607112,0.008638957675429992
4,Mutualistic09_full_functional_memory,1,2 vs 3,0.006074397708289325,0.002994373789988458,0.0059276487154420465
4,Mutualistic09_full_functional_memory,2,4 vs 5,0.0013318436040208326,0.003813161893049255,0.0008936287049436942
4,Mutualistic09_full_functional_memory,3,6 vs 7,0.0001791434155791194,0.0023453116737073287,0.0005699465409634286
5,Mutualistic09_distill_only,0,0 vs 1,0.0023351134950644337,0.3842226341366768,0.0045269898837432265
5,Mutualistic09_distill_only,1,2 vs 3,0.0007039271895337151,0.3278098665177822,0.001863649238657672
5,Mutualistic09_distill_only,2,4 vs 5,0.00022900453660668063,0.24822102673351765,0.00010563273553998442
5,Mutualistic09_distill_only,3,6 vs 7,9.22398990113038e-05,0.15528283640742302,0.0003923153916502997
5,Mutualistic09_route_memory_only,0,0 vs 1,0.006696134340018034,0.26048922911286354,0.7519535571336746
5,Mutualistic09_route_memory_only,1,2 vs 3,0.0077983144437894225,0.26638075336813927,0.7066866233944893
5,Mutualistic09_route_memory_only,2,4 vs 5,0.0070059304089227226,0.26048293709754944,1.3651307821273804
5,Mutualistic09_route_memory_only,3,6 vs 7,0.002110945544700371,0.23182520270347595,0.5312279760837555
5,Mutualistic09_latent_only,0,0 vs 1,0.8608161509037018,0.006489233986940235,0.021109205088578165
5,Mutualistic09_latent_only,1,2 vs 3,1.158938705921173,0.0025003655755426735,0.019893207121640444
5,Mutualistic09_latent_only,2,4 vs 5,2.3091260636931565e-07,0.010023712762631476,0.0023315721045946702
5,Mutualistic09_latent_only,3,6 vs 7,1.4049481578126688e-08,0.00520870991749689,0.00044622671339311637
5,Mutualistic09_route_plus_latent,0,0 vs 1,0.005733422498451546,0.007584643841255456,0.017369851586408913
5,Mutualistic09_route_plus_latent,1,2 vs 3,0.12128714844584465,0.0047302464954555035,0.019611181691288948
5,Mutualistic09_route_plus_latent,2,4 vs 5,0.0003407831391086802,0.008242797630373389,0.002124427104718052
5,Mutualistic09_route_plus_latent,3,6 vs 7,4.6789920205014823e-07,0.005240532278548926,0.0007868944012443535
5,Mutualistic09_full_functional_memory,0,0 vs 1,0.006952398689463735,0.0060823115054517984,0.0054193804680835456
5,Mutualistic09_full_functional_memory,1,2 vs 3,0.0073875574162229896,0.0027426269953139126,0.0019270523262093775
5,Mutualistic09_full_functional_memory,2,4 vs 5,0.0020870295609256573,0.003626220452133566,0.00039597114528078237
5,Mutualistic09_full_functional_memory,3,6 vs 7,8.741058468331175e-05,0.002254340230138041,0.0002928825842900551
6,Mutualistic09_distill_only,0,0 vs 1,0.012217613286338747,0.2059729341417551,0.0023686031490797177
6,Mutualistic09_distill_only,1,2 vs 3,0.005446879426017404,0.16648519784212112,0.002849139375030063
6,Mutualistic09_distill_only,2,4 vs 5,0.001080652404709781,0.20433484017848969,0.0001827978740038816
6,Mutualistic09_distill_only,3,6 vs 7,0.0002925646053881792,0.13384361006319523,4.843206284022017e-05
6,Mutualistic09_route_memory_only,0,0 vs 1,0.04706501588225365,0.2959568239748478,0.42379701882600784
6,Mutualistic09_route_memory_only,1,2 vs 3,0.010254629596602172,0.2786233350634575,0.6627580374479294
6,Mutualistic09_route_memory_only,2,4 vs 5,0.00844398426124826,0.19629856757819653,0.4192938357591629
6,Mutualistic09_route_memory_only,3,6 vs 7,0.004535618107183836,0.18020718544721603,0.19287175871431828
6,Mutualistic09_latent_only,0,0 vs 1,0.036813406739383936,0.0034326699969824404,0.005939238704741001
6,Mutualistic09_latent_only,1,2 vs 3,0.0009718645524117164,0.0005045134166721255,0.0026115941582247615
6,Mutualistic09_latent_only,2,4 vs 5,0.036176545079797506,0.004320316365920007,0.0006882363159093075
6,Mutualistic09_latent_only,3,6 vs 7,0.021107191569171846,0.003630369814345613,0.00055132507259259
6,Mutualistic09_route_plus_latent,0,0 vs 1,0.01720640587154776,0.003367734228959307,0.008776680857408792
6,Mutualistic09_route_plus_latent,1,2 vs 3,0.0012725455962936394,0.0052905852207913995,0.015987764345481992
6,Mutualistic09_route_plus_latent,2,4 vs 5,0.014625582029111683,0.002457735303323716,0.002904861139541026
6,Mutualistic09_route_plus_latent,3,6 vs 7,4.9937713129111216e-05,0.003277104231528938,0.0004307003528083442
6,Mutualistic09_full_functional_memory,0,0 vs 1,0.00734179763821885,0.0032353810383938253,0.004963218016200699
6,Mutualistic09_full_functional_memory,1,2 vs 3,0.0038162219570949674,0.00462657684693113,0.001753173186443746
6,Mutualistic09_full_functional_memory,2,4 vs 5,0.0009920509018854773,0.00318239105399698,0.00014373753765539732
6,Mutualistic09_full_functional_memory,3,6 vs 7,7.037900979867118e-05,0.004121035890420899,0.00040141156569006853
7,Mutualistic09_distill_only,0,0 vs 1,0.010500542586669326,0.24512901529669762,0.010313252561900299
7,Mutualistic09_distill_only,1,2 vs 3,0.005199800711125135,0.17247599177062511,0.004728752173832618
7,Mutualistic09_distill_only,2,4 vs 5,0.479884997010231,0.2136593610048294,0.0019016563974219025
7,Mutualistic09_distill_only,3,6 vs 7,0.013758785420577624,0.13613655045628548,6.294198692557984e-05
7,Mutualistic09_route_memory_only,0,0 vs 1,0.06089161289855838,0.37186529487371445,1.4851811975240707
7,Mutualistic09_route_memory_only,1,2 vs 3,0.004860087879933417,0.3357461169362068,1.2746750712394714
7,Mutualistic09_route_memory_only,2,4 vs 5,0.0182464262470603,0.2697635553777218,1.0018508732318878
7,Mutualistic09_route_memory_only,3,6 vs 7,0.03280022833496332,0.22295700386166573,0.3614458702504635
7,Mutualistic09_latent_only,0,0 vs 1,1.7825177609920502,0.001450835625291802,0.010020413843449205
7,Mutualistic09_latent_only,1,2 vs 3,1.7004463374614716,0.0022512473951792344,0.013863017840776592
7,Mutualistic09_latent_only,2,4 vs 5,0.8360489010810852,0.004430438595591113,0.001361530248686904
7,Mutualistic09_latent_only,3,6 vs 7,0.00023108525329007534,0.003287206287495792,0.0006367568712448701
7,Mutualistic09_route_plus_latent,0,0 vs 1,0.01455376239027828,0.0049587179673835635,0.019116919313091785
7,Mutualistic09_route_plus_latent,1,2 vs 3,0.004333298275014386,0.0034830333897843957,0.011226055328734219
7,Mutualistic09_route_plus_latent,2,4 vs 5,0.023052647477015853,0.0063733450951986015,0.0013677863717020955
7,Mutualistic09_route_plus_latent,3,6 vs 7,0.00587243645441049,0.004200089577352628,0.0005426142652140697
7,Mutualistic09_full_functional_memory,0,0 vs 1,0.004253745195455849,0.004955332027748227,0.0023948408888827544
7,Mutualistic09_full_functional_memory,1,2 vs 3,1.1420500783287935e-05,0.0015291013987734914,0.002805936870572623
7,Mutualistic09_full_functional_memory,2,4 vs 5,0.001305331129906051,0.0073004382429644465,0.00051485479434632
7,Mutualistic09_full_functional_memory,3,6 vs 7,0.0008550387342438626,0.003471788455499336,9.279073856305331e-05
8,Mutualistic09_distill_only,0,0 vs 1,0.007888384745456278,0.2863945998251438,0.004006431910966057
8,Mutualistic09_distill_only,1,2 vs 3,0.002243030263343826,0.20030364394187927,0.0010881842572416645
8,Mutualistic09_distill_only,2,4 vs 5,0.00014104953538662812,0.2462772112339735,0.0018460114324625465
8,Mutualistic09_distill_only,3,6 vs 7,2.8436028332023966e-07,0.1297483015805483,0.00012707669384326437
8,Mutualistic09_route_memory_only,0,0 vs 1,0.03548853937536478,0.30382415279746056,0.699508011341095
8,Mutualistic09_route_memory_only,1,2 vs 3,0.026414078543893993,0.3434058241546154,0.7928622514009476
8,Mutualistic09_route_memory_only,2,4 vs 5,0.005336756250471808,0.22013756446540356,0.7666640654206276
8,Mutualistic09_route_memory_only,3,6 vs 7,0.003178373941409518,0.21145301312208176,0.5281610004603863
8,Mutualistic09_latent_only,0,0 vs 1,0.10628864448517561,0.005019100848585367,0.00951742148026824
8,Mutualistic09_latent_only,1,2 vs 3,0.9173271432518959,0.0036163753538858145,0.020922226540278643
8,Mutualistic09_latent_only,2,4 vs 5,2.834324325817761e-05,0.0037688927550334483,0.0015170873757597292
8,Mutualistic09_latent_only,3,6 vs 7,3.731388247274481e-05,1.0245397163544112e-05,1.6162918967665973e-06
8,Mutualistic09_route_plus_latent,0,0 vs 1,0.018721628934144974,0.006903314497321844,0.008773701440077275
8,Mutualistic09_route_plus_latent,1,2 vs 3,0.030490043107420206,0.0038285935297608376,0.011665032216114923
8,Mutualistic09_route_plus_latent,2,4 vs 5,3.699843304616479e-06,0.004202856915071607,0.0026866288171731867
8,Mutualistic09_route_plus_latent,3,6 vs 7,0.0276429473888129,0.0005370065118768252,7.012341029621894e-05
8,Mutualistic09_full_functional_memory,0,0 vs 1,0.006222654017619789,0.004138261603657156,0.005146014125784859
8,Mutualistic09_full_functional_memory,1,2 vs 3,0.0021459470299305394,0.002177280141040683,0.00200462913926458
8,Mutualistic09_full_functional_memory,2,4 vs 5,5.3709227216813815e-06,0.003332150081405416,0.0016727815363992704
8,Mutualistic09_full_functional_memory,3,6 vs 7,2.231453101586567e-05,3.834611516140285e-05,1.0453280623323735e-06
9,Mutualistic09_distill_only,0,0 vs 1,0.0061173846770543605,0.3580390140414238,0.003198156802682206
9,Mutualistic09_distill_only,1,2 vs 3,0.00013178245490053087,0.4113399125635624,0.0007786357091390528
9,Mutualistic09_distill_only,2,4 vs 5,0.0042414421595822205,0.16616471856832504,0.001138131306561263
9,Mutualistic09_distill_only,3,6 vs 7,0.0013617137983601424,0.07324120588600636,9.400870476383716e-05
9,Mutualistic09_route_memory_only,0,0 vs 1,0.044790807412937284,0.2939615212380886,0.8112283647060394
9,Mutualistic09_route_memory_only,1,2 vs 3,0.051268355920910835,0.26490433141589165,1.1767536252737045
9,Mutualistic09_route_memory_only,2,4 vs 5,0.00533236061619391,0.172740725800395,0.2083930540829897
9,Mutualistic09_route_memory_only,3,6 vs 7,0.002969305936858291,0.17104192450642586,0.2909196466207504
9,Mutualistic09_latent_only,0,0 vs 1,0.45464157313108444,0.005288491287501529,0.01806976622901857
9,Mutualistic09_latent_only,1,2 vs 3,0.5813338756561279,0.0028926381783094257,0.012711564777418971
9,Mutualistic09_latent_only,2,4 vs 5,0.03586831479333341,0.004424500511959195,0.0022256000338529702
9,Mutualistic09_latent_only,3,6 vs 7,0.4091045930981636,0.0007742387751932256,0.0007513918699260103
9,Mutualistic09_route_plus_latent,0,0 vs 1,0.0179674809332937,0.00588048598729074,0.021341927931644022
9,Mutualistic09_route_plus_latent,1,2 vs 3,0.027006818912923336,0.0038732826214982197,0.009238055616151541
9,Mutualistic09_route_plus_latent,2,4 vs 5,0.0027324655095526396,0.006032405945006758,0.002046294877800392
9,Mutualistic09_route_plus_latent,3,6 vs 7,0.00095039507493766,0.0021329416194930673,0.0003815550235231058
9,Mutualistic09_full_functional_memory,0,0 vs 1,0.007092372979968786,0.004323085944633931,0.0031140444771153852
9,Mutualistic09_full_functional_memory,1,2 vs 3,0.0015320664970204234,0.00367766639101319,0.003453292782069184
9,Mutualistic09_full_functional_memory,2,4 vs 5,0.009321479796199128,0.00409145257435739,0.003424526172238984
9,Mutualistic09_full_functional_memory,3,6 vs 7,0.00039021686544060685,0.00010479930824658368,2.0117760186622036e-05
