seed,model,after_task,task_id,task_name,acc,route_entropy,route_dominance
0,Mutualistic09_distill_only,0,0,0 vs 1,0.9845,0.06651569157838821,0.9795164205133915
0,Mutualistic09_distill_only,1,0,0 vs 1,0.984,0.07689296896569431,0.977185383439064
0,Mutualistic09_distill_only,1,1,2 vs 3,0.972,0.03375514328945428,0.991012442857027
0,Mutualistic09_distill_only,2,0,0 vs 1,0.986,0.06839347630739212,0.9784481935203075
0,Mutualistic09_distill_only,2,1,2 vs 3,0.973,0.03558771777898073,0.9901383779942989
0,Mutualistic09_distill_only,2,2,4 vs 5,1.0,0.010948249386274256,0.9961665943264961
0,Mutualistic09_distill_only,3,0,0 vs 1,0.9845,0.06961675896309316,0.9779078587889671
0,Mutualistic09_distill_only,3,1,2 vs 3,0.973,0.03771219099871814,0.9892362058162689
0,Mutualistic09_distill_only,3,2,4 vs 5,1.0,0.005138980093761347,0.998511478304863
0,Mutualistic09_distill_only,3,3,6 vs 7,1.0,0.001979440322429582,0.9994892962276936
0,Mutualistic09_distill_only,4,0,0 vs 1,0.986,0.06203500903211534,0.9796360656619072
0,Mutualistic09_distill_only,4,1,2 vs 3,0.972,0.03596036275848746,0.9890625774860382
0,Mutualistic09_distill_only,4,2,4 vs 5,0.9995,0.005282453394102049,0.9982945322990417
0,Mutualistic09_distill_only,4,3,6 vs 7,1.0,0.002548707510868553,0.9990574419498444
0,Mutualistic09_distill_only,4,4,8 vs 9,0.998,0.005216139121330343,0.9987756498157978
0,Mutualistic09_route_memory_only,0,0,0 vs 1,0.9845,0.06651569157838821,0.9795164205133915
0,Mutualistic09_route_memory_only,1,0,0 vs 1,0.874,0.07521586841903627,0.9757384955883026
0,Mutualistic09_route_memory_only,1,1,2 vs 3,0.972,0.09156685369089246,0.9688100889325142
0,Mutualistic09_route_memory_only,2,0,0 vs 1,0.767,0.051162105053663254,0.9823137447237968
0,Mutualistic09_route_memory_only,2,1,2 vs 3,0.6405,0.054796340642496943,0.9795273430645466
0,Mutualistic09_route_memory_only,2,2,4 vs 5,0.9995,0.020750668889377266,0.992042887955904
0,Mutualistic09_route_memory_only,3,0,0 vs 1,0.561,0.04391715186648071,0.9841229021549225
0,Mutualistic09_route_memory_only,3,1,2 vs 3,0.6125,0.05185751896351576,0.9804173558950424
0,Mutualistic09_route_memory_only,3,2,4 vs 5,0.9965,0.01540751442371402,0.9943782463669777
0,Mutualistic09_route_memory_only,3,3,6 vs 7,1.0,0.005785256333183497,0.9981075637042522
0,Mutualistic09_route_memory_only,4,0,0 vs 1,0.604,0.05380941659677774,0.9810727760195732
0,Mutualistic09_route_memory_only,4,1,2 vs 3,0.657,0.05275131156668067,0.9813828505575657
0,Mutualistic09_route_memory_only,4,2,4 vs 5,0.99,0.03629382804501802,0.986852690577507
0,Mutualistic09_route_memory_only,4,3,6 vs 7,0.978,0.01746939803706482,0.9949838817119598
0,Mutualistic09_route_memory_only,4,4,8 vs 9,0.9975,0.0033663366702967323,0.9990162961184978
0,Mutualistic09_latent_only,0,0,0 vs 1,0.9845,0.06651569157838821,0.9795164205133915
0,Mutualistic09_latent_only,1,0,0 vs 1,0.9845,0.03827792406082153,0.9916582182049751
0,Mutualistic09_latent_only,1,1,2 vs 3,0.963,0.14572764746844769,0.9512762241065502
0,Mutualistic09_latent_only,2,0,0 vs 1,0.982,0.01207450742367655,0.9974001832306385
0,Mutualistic09_latent_only,2,1,2 vs 3,0.963,0.0293784961104393,0.993112850934267
0,Mutualistic09_latent_only,2,2,4 vs 5,0.9995,0.032265891786664724,0.9888591095805168
0,Mutualistic09_latent_only,3,0,0 vs 1,0.983,0.5331754200160503,0.7884207293391228
0,Mutualistic09_latent_only,3,1,2 vs 3,0.963,0.04820697265677154,0.9903782270848751
0,Mutualistic09_latent_only,3,2,4 vs 5,1.0,0.5129665322601795,0.783453643321991
0,Mutualistic09_latent_only,3,3,6 vs 7,1.0,0.004725625105493236,0.9987090863287449
0,Mutualistic09_latent_only,4,0,0 vs 1,0.9825,0.15245516411960125,0.9509122483432293
0,Mutualistic09_latent_only,4,1,2 vs 3,0.966,0.005986555828712881,0.9991264529526234
0,Mutualistic09_latent_only,4,2,4 vs 5,1.0,0.07473261910490692,0.9786041229963303
0,Mutualistic09_latent_only,4,3,6 vs 7,0.9995,0.002783721371088177,0.9993638582527637
0,Mutualistic09_latent_only,4,4,8 vs 9,0.9975,0.011961273587075993,0.9958997890353203
0,Mutualistic09_route_plus_latent,0,0,0 vs 1,0.9845,0.06651569157838821,0.9795164205133915
0,Mutualistic09_route_plus_latent,1,0,0 vs 1,0.983,0.10012934403494,0.9679517783224583
0,Mutualistic09_route_plus_latent,1,1,2 vs 3,0.971,0.029405541659798473,0.9930137023329735
0,Mutualistic09_route_plus_latent,2,0,0 vs 1,0.9815,0.08322628401219845,0.9715918190777302
0,Mutualistic09_route_plus_latent,2,1,2 vs 3,0.96,0.015620124235283583,0.995271235704422
0,Mutualistic09_route_plus_latent,2,2,4 vs 5,1.0,0.0059301818400854245,0.9988516829907894
0,Mutualistic09_route_plus_latent,3,0,0 vs 1,0.9835,0.44546592980623245,0.8423097655177116
0,Mutualistic09_route_plus_latent,3,1,2 vs 3,0.958,0.12022723956033587,0.9735573828220367
0,Mutualistic09_route_plus_latent,3,2,4 vs 5,1.0,0.08868013601750135,0.9791774414479733
0,Mutualistic09_route_plus_latent,3,3,6 vs 7,0.9995,0.0021651482238667086,0.9996879063546658
0,Mutualistic09_route_plus_latent,4,0,0 vs 1,0.983,0.48680355586111546,0.8130268603563309
0,Mutualistic09_route_plus_latent,4,1,2 vs 3,0.959,0.0810195212252438,0.9834118187427521
0,Mutualistic09_route_plus_latent,4,2,4 vs 5,1.0,0.31750546023249626,0.8997907862067223
0,Mutualistic09_route_plus_latent,4,3,6 vs 7,0.9985,0.08457423094660044,0.9746420532464981
0,Mutualistic09_route_plus_latent,4,4,8 vs 9,0.9975,0.019137538562063128,0.9937804862856865
0,Mutualistic09_full_functional_memory,0,0,0 vs 1,0.9875,0.0583860338665545,0.9820264056324959
0,Mutualistic09_full_functional_memory,1,0,0 vs 1,0.9855,0.06839907472021878,0.981009766459465
0,Mutualistic09_full_functional_memory,1,1,2 vs 3,0.964,0.05235437513329089,0.9826711937785149
0,Mutualistic09_full_functional_memory,2,0,0 vs 1,0.9845,0.05756937572732568,0.9821600243449211
0,Mutualistic09_full_functional_memory,2,1,2 vs 3,0.965,0.04175443819258362,0.9862708374857903
0,Mutualistic09_full_functional_memory,2,2,4 vs 5,1.0,0.005598606730927713,0.9988746643066406
0,Mutualistic09_full_functional_memory,3,0,0 vs 1,0.9835,0.15284489002078772,0.9590575732290745
0,Mutualistic09_full_functional_memory,3,1,2 vs 3,0.9645,0.12668581539765,0.9661448113620281
0,Mutualistic09_full_functional_memory,3,2,4 vs 5,1.0,0.06631707516498864,0.985250536352396
0,Mutualistic09_full_functional_memory,3,3,6 vs 7,1.0,0.0008629553899481834,0.9998031556606293
0,Mutualistic09_full_functional_memory,4,0,0 vs 1,0.986,0.16455204971134663,0.955310370773077
0,Mutualistic09_full_functional_memory,4,1,2 vs 3,0.9635,0.1304293181747198,0.964946486055851
0,Mutualistic09_full_functional_memory,4,2,4 vs 5,1.0,0.06249890080653131,0.9860603511333466
0,Mutualistic09_full_functional_memory,4,3,6 vs 7,0.9995,0.0008377305787234945,0.9997627548873425
0,Mutualistic09_full_functional_memory,4,4,8 vs 9,0.998,0.0022756868056603707,0.9994251020252705
1,Mutualistic09_distill_only,0,0,0 vs 1,0.985,0.14689938817173243,0.9535256363451481
1,Mutualistic09_distill_only,1,0,0 vs 1,0.9855,0.1940959319472313,0.9370121099054813
1,Mutualistic09_distill_only,1,1,2 vs 3,0.967,0.26119455322623253,0.8868601769208908
1,Mutualistic09_distill_only,2,0,0 vs 1,0.9865,0.18545473599806428,0.939763180911541
1,Mutualistic09_distill_only,2,1,2 vs 3,0.9665,0.24423310346901417,0.8931761793792248
1,Mutualistic09_distill_only,2,2,4 vs 5,0.9995,0.0075935302302241325,0.9983420111238956
1,Mutualistic09_distill_only,3,0,0 vs 1,0.9865,0.1739625846967101,0.9445183090865612
1,Mutualistic09_distill_only,3,1,2 vs 3,0.9665,0.22469362616539001,0.9023195542395115
1,Mutualistic09_distill_only,3,2,4 vs 5,1.0,0.003262479636759963,0.9991848729550838
1,Mutualistic09_distill_only,3,3,6 vs 7,1.0,0.005802220737677999,0.9987326189875603
1,Mutualistic09_distill_only,4,0,0 vs 1,0.986,0.17326692957431078,0.9453759118914604
1,Mutualistic09_distill_only,4,1,2 vs 3,0.967,0.21944323740899563,0.9069559089839458
1,Mutualistic09_distill_only,4,2,4 vs 5,0.999,0.0050573562330100685,0.9984744638204575
1,Mutualistic09_distill_only,4,3,6 vs 7,1.0,0.00856480436050333,0.9981280006468296
1,Mutualistic09_distill_only,4,4,8 vs 9,0.998,0.005413796607172117,0.9985410012304783
1,Mutualistic09_route_memory_only,0,0,0 vs 1,0.985,0.14689938817173243,0.9535256363451481
1,Mutualistic09_route_memory_only,1,0,0 vs 1,0.3265,0.11880594631657004,0.9643101505935192
1,Mutualistic09_route_memory_only,1,1,2 vs 3,0.9705,0.03620138776022941,0.9916219562292099
1,Mutualistic09_route_memory_only,2,0,0 vs 1,0.517,0.16675116959959269,0.9475554563105106
1,Mutualistic09_route_memory_only,2,1,2 vs 3,0.5065,0.029308773402590305,0.993224460631609
1,Mutualistic09_route_memory_only,2,2,4 vs 5,1.0,0.007236876626848243,0.9984372407197952
1,Mutualistic09_route_memory_only,3,0,0 vs 1,0.5505,0.1351541532203555,0.956286258995533
1,Mutualistic09_route_memory_only,3,1,2 vs 3,0.5155,0.02591691870475188,0.9940209873020649
1,Mutualistic09_route_memory_only,3,2,4 vs 5,0.95,0.005434178798168432,0.9984540827572346
1,Mutualistic09_route_memory_only,3,3,6 vs 7,1.0,0.007886817315011285,0.9979282952845097
1,Mutualistic09_route_memory_only,4,0,0 vs 1,0.5095,0.14731129445135593,0.952599823474884
1,Mutualistic09_route_memory_only,4,1,2 vs 3,0.5005,0.03773111628834158,0.9898290447890759
1,Mutualistic09_route_memory_only,4,2,4 vs 5,0.9635,0.011770400393288583,0.996536873281002
1,Mutualistic09_route_memory_only,4,3,6 vs 7,0.227,0.013589077250799164,0.9958257153630257
1,Mutualistic09_route_memory_only,4,4,8 vs 9,0.998,0.002033413411481888,0.9994584321975708
1,Mutualistic09_latent_only,0,0,0 vs 1,0.985,0.14689938817173243,0.9535256363451481
1,Mutualistic09_latent_only,1,0,0 vs 1,0.986,0.31367230508476496,0.8950561359524727
1,Mutualistic09_latent_only,1,1,2 vs 3,0.9685,0.12466300372034311,0.95293740183115
1,Mutualistic09_latent_only,2,0,0 vs 1,0.986,0.49560316652059555,0.7692281119525433
1,Mutualistic09_latent_only,2,1,2 vs 3,0.97,0.07596048386767507,0.9820069409906864
1,Mutualistic09_latent_only,2,2,4 vs 5,0.9995,0.011063240497605875,0.9980417042970657
1,Mutualistic09_latent_only,3,0,0 vs 1,0.9855,0.13255604822188616,0.9689583033323288
1,Mutualistic09_latent_only,3,1,2 vs 3,0.9685,0.07140714419074357,0.9839875362813473
1,Mutualistic09_latent_only,3,2,4 vs 5,0.9995,0.06956321559846401,0.9850075878202915
1,Mutualistic09_latent_only,3,3,6 vs 7,1.0,0.005131837213411927,0.9993009679019451
1,Mutualistic09_latent_only,4,0,0 vs 1,0.9885,0.5007511675357819,0.8284081853926182
1,Mutualistic09_latent_only,4,1,2 vs 3,0.969,0.054042714880779386,0.9886858575046062
1,Mutualistic09_latent_only,4,2,4 vs 5,1.0,0.030451176455244422,0.9942121431231499
1,Mutualistic09_latent_only,4,3,6 vs 7,1.0,0.0456002977443859,0.98788932710886
1,Mutualistic09_latent_only,4,4,8 vs 9,0.9975,0.005779317390988581,0.9987483955919743
1,Mutualistic09_route_plus_latent,0,0,0 vs 1,0.985,0.14689938817173243,0.9535256363451481
1,Mutualistic09_route_plus_latent,1,0,0 vs 1,0.9845,0.1860347050242126,0.9473964460194111
1,Mutualistic09_route_plus_latent,1,1,2 vs 3,0.967,0.13741242932155728,0.9473433159291744
1,Mutualistic09_route_plus_latent,2,0,0 vs 1,0.9835,0.3505215458571911,0.8952250741422176
1,Mutualistic09_route_plus_latent,2,1,2 vs 3,0.97,0.6497526839375496,0.6265205517411232
1,Mutualistic09_route_plus_latent,2,2,4 vs 5,0.9995,0.010469759698025882,0.9981629513204098
1,Mutualistic09_route_plus_latent,3,0,0 vs 1,0.9825,0.2974349223077297,0.9164363443851471
1,Mutualistic09_route_plus_latent,3,1,2 vs 3,0.9715,0.6802958026528358,0.5842551700770855
1,Mutualistic09_route_plus_latent,3,2,4 vs 5,0.9995,0.02298871788661927,0.9962598383426666
1,Mutualistic09_route_plus_latent,3,3,6 vs 7,1.0,0.00509872603288386,0.9992373958230019
1,Mutualistic09_route_plus_latent,4,0,0 vs 1,0.985,0.2911768602207303,0.9148196578025818
1,Mutualistic09_route_plus_latent,4,1,2 vs 3,0.9715,0.6817056760191917,0.5832758843898773
1,Mutualistic09_route_plus_latent,4,2,4 vs 5,0.9995,0.015565694950055331,0.9968696869909763
1,Mutualistic09_route_plus_latent,4,3,6 vs 7,1.0,0.020906399586237967,0.9955291338264942
1,Mutualistic09_route_plus_latent,4,4,8 vs 9,0.9975,0.01365749494289048,0.9963202215731144
1,Mutualistic09_full_functional_memory,0,0,0 vs 1,0.9885,0.11265178211033344,0.9646681100130081
1,Mutualistic09_full_functional_memory,1,0,0 vs 1,0.99,0.12230919441208243,0.9639937207102776
1,Mutualistic09_full_functional_memory,1,1,2 vs 3,0.97,0.13097413536161184,0.9527061767876148
1,Mutualistic09_full_functional_memory,2,0,0 vs 1,0.989,0.16147544281557202,0.9525390639901161
1,Mutualistic09_full_functional_memory,2,1,2 vs 3,0.97,0.23902977909892797,0.9241800457239151
1,Mutualistic09_full_functional_memory,2,2,4 vs 5,0.9995,0.008249276841524988,0.9986308068037033
1,Mutualistic09_full_functional_memory,3,0,0 vs 1,0.9895,0.19322739215567708,0.946649581193924
1,Mutualistic09_full_functional_memory,3,1,2 vs 3,0.972,0.20311026647686958,0.9419200159609318
1,Mutualistic09_full_functional_memory,3,2,4 vs 5,0.9995,0.0198200888116844,0.9967850185930729
1,Mutualistic09_full_functional_memory,3,3,6 vs 7,1.0,0.0023101192782633007,0.9996813200414181
1,Mutualistic09_full_functional_memory,4,0,0 vs 1,0.9895,0.196078990586102,0.9433056637644768
1,Mutualistic09_full_functional_memory,4,1,2 vs 3,0.971,0.20359950978308916,0.941005177795887
1,Mutualistic09_full_functional_memory,4,2,4 vs 5,1.0,0.011623567377682775,0.997687853872776
1,Mutualistic09_full_functional_memory,4,3,6 vs 7,1.0,0.008733837341424078,0.9983482584357262
1,Mutualistic09_full_functional_memory,4,4,8 vs 9,0.998,0.0060892644469277,0.9984263703227043
2,Mutualistic09_distill_only,0,0,0 vs 1,0.99,0.10405053524300456,0.9686913192272186
2,Mutualistic09_distill_only,1,0,0 vs 1,0.99,0.12603052519261837,0.9631696380674839
2,Mutualistic09_distill_only,1,1,2 vs 3,0.9685,0.22955880500376225,0.9178866744041443
2,Mutualistic09_distill_only,2,0,0 vs 1,0.9895,0.12220718385651708,0.9640641622245312
2,Mutualistic09_distill_only,2,1,2 vs 3,0.9675,0.23507271893322468,0.915135208517313
2,Mutualistic09_distill_only,2,2,4 vs 5,0.9995,0.003569986372895073,0.9994538240134716
2,Mutualistic09_distill_only,3,0,0 vs 1,0.99,0.12267290335148573,0.9639124684035778
2,Mutualistic09_distill_only,3,1,2 vs 3,0.9675,0.2381493654102087,0.9137705825269222
2,Mutualistic09_distill_only,3,2,4 vs 5,0.9995,0.0016173648400581442,0.9997506774961948
2,Mutualistic09_distill_only,3,3,6 vs 7,1.0,0.0003452309820204391,0.9999579377472401
2,Mutualistic09_distill_only,4,0,0 vs 1,0.9905,0.13295726338401437,0.9612642638385296
2,Mutualistic09_distill_only,4,1,2 vs 3,0.967,0.25575524661689997,0.9081754945218563
2,Mutualistic09_distill_only,4,2,4 vs 5,0.9995,0.0020573925139615312,0.9996869787573814
2,Mutualistic09_distill_only,4,3,6 vs 7,1.0,8.007903727502708e-05,0.9999922290444374
2,Mutualistic09_distill_only,4,4,8 vs 9,0.9975,0.0005194707737814497,0.9999087527394295
2,Mutualistic09_route_memory_only,0,0,0 vs 1,0.99,0.10405053524300456,0.9686913192272186
2,Mutualistic09_route_memory_only,1,0,0 vs 1,0.8955,0.07339762663468719,0.9780686534941196
2,Mutualistic09_route_memory_only,1,1,2 vs 3,0.9695,0.0961373602040112,0.9702008590102196
2,Mutualistic09_route_memory_only,2,0,0 vs 1,0.497,0.063837033463642,0.9802307412028313
2,Mutualistic09_route_memory_only,2,1,2 vs 3,0.5385,0.0800077524036169,0.9750754311680794
2,Mutualistic09_route_memory_only,2,2,4 vs 5,0.9995,0.00997570512117818,0.9961073286831379
2,Mutualistic09_route_memory_only,3,0,0 vs 1,0.458,0.10247402871027589,0.9697201624512672
2,Mutualistic09_route_memory_only,3,1,2 vs 3,0.444,0.11158081237226725,0.9643840752542019
2,Mutualistic09_route_memory_only,3,2,4 vs 5,0.9925,0.006531069528136868,0.9973346814513206
2,Mutualistic09_route_memory_only,3,3,6 vs 7,1.0,0.0014193680874541315,0.999555304646492
2,Mutualistic09_route_memory_only,4,0,0 vs 1,0.7475,0.10856644902378321,0.9672349914908409
2,Mutualistic09_route_memory_only,4,1,2 vs 3,0.4095,0.10480771865695715,0.9677433930337429
2,Mutualistic09_route_memory_only,4,2,4 vs 5,0.356,0.009577810036716983,0.9960687421262264
2,Mutualistic09_route_memory_only,4,3,6 vs 7,0.734,0.0009834297093220812,0.9996595717966557
2,Mutualistic09_route_memory_only,4,4,8 vs 9,0.9975,0.0024197774664571625,0.9990971721708775
2,Mutualistic09_latent_only,0,0,0 vs 1,0.99,0.10405053524300456,0.9686913192272186
2,Mutualistic09_latent_only,1,0,0 vs 1,0.988,0.10450011398643255,0.9653469771146774
2,Mutualistic09_latent_only,1,1,2 vs 3,0.964,0.19837740063667297,0.9313771165907383
2,Mutualistic09_latent_only,2,0,0 vs 1,0.986,0.09984941221773624,0.9685453437268734
2,Mutualistic09_latent_only,2,1,2 vs 3,0.9695,0.2362027233466506,0.9176116362214088
2,Mutualistic09_latent_only,2,2,4 vs 5,1.0,0.054855372523888946,0.9809523932635784
2,Mutualistic09_latent_only,3,0,0 vs 1,0.9865,0.20256372168660164,0.9414269030094147
2,Mutualistic09_latent_only,3,1,2 vs 3,0.973,0.03270329465158284,0.9949913062155247
2,Mutualistic09_latent_only,3,2,4 vs 5,1.0,0.28300558775663376,0.9013779200613499
2,Mutualistic09_latent_only,3,3,6 vs 7,0.9995,0.0020725095018860884,0.9994872882962227
2,Mutualistic09_latent_only,4,0,0 vs 1,0.9865,0.21310095582157373,0.9341348335146904
2,Mutualistic09_latent_only,4,1,2 vs 3,0.9725,0.042598495027050376,0.9934284538030624
2,Mutualistic09_latent_only,4,2,4 vs 5,1.0,0.385189576074481,0.8594899289309978
2,Mutualistic09_latent_only,4,3,6 vs 7,1.0,0.006060297222575173,0.9986674077808857
2,Mutualistic09_latent_only,4,4,8 vs 9,0.997,0.005220914325036574,0.9988884776830673
2,Mutualistic09_route_plus_latent,0,0,0 vs 1,0.99,0.10405053524300456,0.9686913192272186
2,Mutualistic09_route_plus_latent,1,0,0 vs 1,0.991,0.08816291205585003,0.9738338217139244
2,Mutualistic09_route_plus_latent,1,1,2 vs 3,0.9675,0.14494704082608223,0.9525188729166985
2,Mutualistic09_route_plus_latent,2,0,0 vs 1,0.988,0.11394292628392577,0.9660623036324978
2,Mutualistic09_route_plus_latent,2,1,2 vs 3,0.9675,0.18534738570451736,0.9420002661645412
2,Mutualistic09_route_plus_latent,2,2,4 vs 5,1.0,0.00033814512244134676,0.999961256980896
2,Mutualistic09_route_plus_latent,3,0,0 vs 1,0.9895,0.23127927351742983,0.9345628619194031
2,Mutualistic09_route_plus_latent,3,1,2 vs 3,0.9675,0.30316600017249584,0.9091689847409725
2,Mutualistic09_route_plus_latent,3,2,4 vs 5,0.9995,1.3897630225301327e-05,0.999998964369297
2,Mutualistic09_route_plus_latent,3,3,6 vs 7,1.0,8.545069749743561e-05,0.9999926947057247
2,Mutualistic09_route_plus_latent,4,0,0 vs 1,0.9915,0.3892942350357771,0.8785941116511822
2,Mutualistic09_route_plus_latent,4,1,2 vs 3,0.9685,0.4082045126706362,0.8688649497926235
2,Mutualistic09_route_plus_latent,4,2,4 vs 5,0.9995,0.0006521277846331941,0.9999099262058735
2,Mutualistic09_route_plus_latent,4,3,6 vs 7,1.0,0.0014530684420606121,0.9996697939932346
2,Mutualistic09_route_plus_latent,4,4,8 vs 9,0.997,0.06203008512966335,0.9757646545767784
2,Mutualistic09_full_functional_memory,0,0,0 vs 1,0.9895,0.05756090604700148,0.9865384325385094
2,Mutualistic09_full_functional_memory,1,0,0 vs 1,0.9895,0.05227673286572099,0.9884613677859306
2,Mutualistic09_full_functional_memory,1,1,2 vs 3,0.9655,0.12885280326008797,0.9515333920717239
2,Mutualistic09_full_functional_memory,2,0,0 vs 1,0.989,0.0798357529565692,0.9827128387987614
2,Mutualistic09_full_functional_memory,2,1,2 vs 3,0.9725,0.3116725403815508,0.8727557025849819
2,Mutualistic09_full_functional_memory,2,2,4 vs 5,1.0,0.004542940019746311,0.999129381030798
2,Mutualistic09_full_functional_memory,3,0,0 vs 1,0.989,0.1457067970186472,0.9627365283668041
2,Mutualistic09_full_functional_memory,3,1,2 vs 3,0.9725,0.46807979233562946,0.8024121224880219
2,Mutualistic09_full_functional_memory,3,2,4 vs 5,1.0,0.0884773270227015,0.9777102209627628
2,Mutualistic09_full_functional_memory,3,3,6 vs 7,1.0,0.001759938611940015,0.9997587576508522
2,Mutualistic09_full_functional_memory,4,0,0 vs 1,0.989,0.11857450241222978,0.9723871126770973
2,Mutualistic09_full_functional_memory,4,1,2 vs 3,0.972,0.5356966257095337,0.7728327438235283
2,Mutualistic09_full_functional_memory,4,2,4 vs 5,1.0,0.09616645658388734,0.9766828268766403
2,Mutualistic09_full_functional_memory,4,3,6 vs 7,0.9995,0.00992780167143792,0.9981407299637794
2,Mutualistic09_full_functional_memory,4,4,8 vs 9,0.9975,0.0018999280073330738,0.9997232854366302
3,Mutualistic09_distill_only,0,0,0 vs 1,0.985,0.10257098637521267,0.9687848575413227
3,Mutualistic09_distill_only,1,0,0 vs 1,0.9875,0.08665242255665362,0.9743122756481171
3,Mutualistic09_distill_only,1,1,2 vs 3,0.971,0.12574320985004306,0.9588191695511341
3,Mutualistic09_distill_only,2,0,0 vs 1,0.987,0.07544266642071307,0.9769643284380436
3,Mutualistic09_distill_only,2,1,2 vs 3,0.9715,0.10752182407304645,0.9637031182646751
3,Mutualistic09_distill_only,2,2,4 vs 5,1.0,0.030525995302014053,0.9885864295065403
3,Mutualistic09_distill_only,3,0,0 vs 1,0.9865,0.07114386092871428,0.9780164398252964
3,Mutualistic09_distill_only,3,1,2 vs 3,0.9725,0.10442032059654593,0.9635387025773525
3,Mutualistic09_distill_only,3,2,4 vs 5,1.0,0.02695650194073096,0.9896318055689335
3,Mutualistic09_distill_only,3,3,6 vs 7,1.0,0.002026685393502703,0.9995415210723877
3,Mutualistic09_distill_only,4,0,0 vs 1,0.987,0.07081243488937616,0.9782831035554409
3,Mutualistic09_distill_only,4,1,2 vs 3,0.9735,0.10203436203300953,0.9642275013029575
3,Mutualistic09_distill_only,4,2,4 vs 5,0.9995,0.028068507032003254,0.9895959869027138
3,Mutualistic09_distill_only,4,3,6 vs 7,1.0,0.007061910015181638,0.9979709051549435
3,Mutualistic09_distill_only,4,4,8 vs 9,0.998,0.004322566972405184,0.9988564886152744
3,Mutualistic09_route_memory_only,0,0,0 vs 1,0.985,0.10257098637521267,0.9687848575413227
3,Mutualistic09_route_memory_only,1,0,0 vs 1,0.9205,0.07275365269742906,0.9778875820338726
3,Mutualistic09_route_memory_only,1,1,2 vs 3,0.971,0.10237183282151818,0.9669839814305305
3,Mutualistic09_route_memory_only,2,0,0 vs 1,0.61,0.06880939099937677,0.9770631864666939
3,Mutualistic09_route_memory_only,2,1,2 vs 3,0.7375,0.08441985072568059,0.9715490266680717
3,Mutualistic09_route_memory_only,2,2,4 vs 5,1.0,0.020843621852691285,0.9925331808626652
3,Mutualistic09_route_memory_only,3,0,0 vs 1,0.547,0.07051948178559542,0.9768122844398022
3,Mutualistic09_route_memory_only,3,1,2 vs 3,0.5,0.08676482178270817,0.9708644412457943
3,Mutualistic09_route_memory_only,3,2,4 vs 5,0.995,0.018829609965905547,0.9925910048186779
3,Mutualistic09_route_memory_only,3,3,6 vs 7,0.9995,0.01053895166478469,0.996050238609314
3,Mutualistic09_route_memory_only,4,0,0 vs 1,0.4995,0.07100639515556395,0.9773773923516273
3,Mutualistic09_route_memory_only,4,1,2 vs 3,0.6835,0.10489317402243614,0.9645958207547665
3,Mutualistic09_route_memory_only,4,2,4 vs 5,0.8995,0.021061974053736776,0.9927561990916729
3,Mutualistic09_route_memory_only,4,3,6 vs 7,0.796,0.018997870094608516,0.9936355240643024
3,Mutualistic09_route_memory_only,4,4,8 vs 9,0.998,0.005181628170248587,0.9983547665178776
3,Mutualistic09_latent_only,0,0,0 vs 1,0.985,0.10257098637521267,0.9687848575413227
3,Mutualistic09_latent_only,1,0,0 vs 1,0.9855,0.14653484802693129,0.9474423341453075
3,Mutualistic09_latent_only,1,1,2 vs 3,0.97,0.10996633023023605,0.964620016515255
3,Mutualistic09_latent_only,2,0,0 vs 1,0.9865,0.17692036554217339,0.9397104941308498
3,Mutualistic09_latent_only,2,1,2 vs 3,0.971,0.43971703574061394,0.7859762385487556
3,Mutualistic09_latent_only,2,2,4 vs 5,1.0,0.006342755339574069,0.998950969427824
3,Mutualistic09_latent_only,3,0,0 vs 1,0.987,0.46268648467957973,0.8065463155508041
3,Mutualistic09_latent_only,3,1,2 vs 3,0.973,0.36590210162103176,0.8774613663554192
3,Mutualistic09_latent_only,3,2,4 vs 5,0.9995,0.08996296161785722,0.9776817299425602
3,Mutualistic09_latent_only,3,3,6 vs 7,1.0,0.0016312295556417666,0.9998126775026321
3,Mutualistic09_latent_only,4,0,0 vs 1,0.986,0.4470748286694288,0.8013841137290001
3,Mutualistic09_latent_only,4,1,2 vs 3,0.973,0.20330605003982782,0.9434149153530598
3,Mutualistic09_latent_only,4,2,4 vs 5,0.9995,0.011716874170815572,0.9973442479968071
3,Mutualistic09_latent_only,4,3,6 vs 7,1.0,0.009426085103768855,0.9983350858092308
3,Mutualistic09_latent_only,4,4,8 vs 9,0.998,0.00645055525819771,0.9989296346902847
3,Mutualistic09_route_plus_latent,0,0,0 vs 1,0.985,0.10257098637521267,0.9687848575413227
3,Mutualistic09_route_plus_latent,1,0,0 vs 1,0.9855,0.12571892654523253,0.9615213386714458
3,Mutualistic09_route_plus_latent,1,1,2 vs 3,0.971,0.1251474805176258,0.9604323916137218
3,Mutualistic09_route_plus_latent,2,0,0 vs 1,0.9865,0.21407930180430412,0.9351530931890011
3,Mutualistic09_route_plus_latent,2,1,2 vs 3,0.971,0.4741416145116091,0.8231968842446804
3,Mutualistic09_route_plus_latent,2,2,4 vs 5,1.0,0.02436720358673483,0.991991326212883
3,Mutualistic09_route_plus_latent,3,0,0 vs 1,0.9875,0.4288170672953129,0.8518236838281155
3,Mutualistic09_route_plus_latent,3,1,2 vs 3,0.973,0.5924787595868111,0.7567747235298157
3,Mutualistic09_route_plus_latent,3,2,4 vs 5,0.9995,0.04113963549025357,0.9915267266333103
3,Mutualistic09_route_plus_latent,3,3,6 vs 7,1.0,0.0010399190978205297,0.9998856857419014
3,Mutualistic09_route_plus_latent,4,0,0 vs 1,0.989,0.6860823817551136,0.6744823157787323
3,Mutualistic09_route_plus_latent,4,1,2 vs 3,0.972,0.6984752267599106,0.6623625569045544
3,Mutualistic09_route_plus_latent,4,2,4 vs 5,1.0,0.03371346474159509,0.9918859489262104
3,Mutualistic09_route_plus_latent,4,3,6 vs 7,1.0,0.002459565810568165,0.9996195808053017
3,Mutualistic09_route_plus_latent,4,4,8 vs 9,0.998,0.006062876025680453,0.9988551884889603
3,Mutualistic09_full_functional_memory,0,0,0 vs 1,0.987,0.11073007038794458,0.9665098823606968
3,Mutualistic09_full_functional_memory,1,0,0 vs 1,0.986,0.13992260629311204,0.955340463668108
3,Mutualistic09_full_functional_memory,1,1,2 vs 3,0.9715,0.0069129844778217375,0.9989950694143772
3,Mutualistic09_full_functional_memory,2,0,0 vs 1,0.986,0.1632375456392765,0.9520870484411716
3,Mutualistic09_full_functional_memory,2,1,2 vs 3,0.9715,0.04221675265580416,0.9921321757137775
3,Mutualistic09_full_functional_memory,2,2,4 vs 5,1.0,0.013753831823123619,0.9964288845658302
3,Mutualistic09_full_functional_memory,3,0,0 vs 1,0.985,0.16392306005582213,0.953007660806179
3,Mutualistic09_full_functional_memory,3,1,2 vs 3,0.9705,0.01525672065326944,0.9977641180157661
3,Mutualistic09_full_functional_memory,3,2,4 vs 5,1.0,0.0019406795836403035,0.9997560903429985
3,Mutualistic09_full_functional_memory,3,3,6 vs 7,1.0,0.001294202775170561,0.9998449683189392
3,Mutualistic09_full_functional_memory,4,0,0 vs 1,0.985,0.1372530278749764,0.9581672176718712
3,Mutualistic09_full_functional_memory,4,1,2 vs 3,0.9705,0.009498328436166048,0.9985415488481522
3,Mutualistic09_full_functional_memory,4,2,4 vs 5,0.999,0.0026407582408864982,0.9996099211275578
3,Mutualistic09_full_functional_memory,4,3,6 vs 7,1.0,0.00021077506198707852,0.9999758154153824
3,Mutualistic09_full_functional_memory,4,4,8 vs 9,0.9975,0.007492974807973951,0.9980562888085842
4,Mutualistic09_distill_only,0,0,0 vs 1,0.9885,0.14171612774953246,0.9568862766027451
4,Mutualistic09_distill_only,1,0,0 vs 1,0.989,0.16162443766370416,0.9492146223783493
4,Mutualistic09_distill_only,1,1,2 vs 3,0.972,0.4189117457717657,0.8443990163505077
4,Mutualistic09_distill_only,2,0,0 vs 1,0.989,0.144448175560683,0.9557779394090176
4,Mutualistic09_distill_only,2,1,2 vs 3,0.9725,0.4053315259516239,0.8520620279014111
4,Mutualistic09_distill_only,2,2,4 vs 5,1.0,0.02786611969349906,0.9899011328816414
4,Mutualistic09_distill_only,3,0,0 vs 1,0.9885,0.13461768114939332,0.9593222513794899
4,Mutualistic09_distill_only,3,1,2 vs 3,0.972,0.40996343083679676,0.8493809960782528
4,Mutualistic09_distill_only,3,2,4 vs 5,1.0,0.01941017823992297,0.9926601871848106
4,Mutualistic09_distill_only,3,3,6 vs 7,1.0,0.0026728862794698216,0.9994862675666809
4,Mutualistic09_distill_only,4,0,0 vs 1,0.9885,0.12881104229018092,0.960679292678833
4,Mutualistic09_distill_only,4,1,2 vs 3,0.9715,0.3928410764783621,0.8550743423402309
4,Mutualistic09_distill_only,4,2,4 vs 5,0.9995,0.020500935905147344,0.9919541850686073
4,Mutualistic09_distill_only,4,3,6 vs 7,1.0,0.004358755686553195,0.9992089718580246
4,Mutualistic09_distill_only,4,4,8 vs 9,0.999,0.007216763369797263,0.9980492517352104
4,Mutualistic09_route_memory_only,0,0,0 vs 1,0.9885,0.14171612774953246,0.9568862766027451
4,Mutualistic09_route_memory_only,1,0,0 vs 1,0.8615,0.10370365926064551,0.9677473790943623
4,Mutualistic09_route_memory_only,1,1,2 vs 3,0.9715,0.15003963513299823,0.9509848617017269
4,Mutualistic09_route_memory_only,2,0,0 vs 1,0.6275,0.07325965561904013,0.9733978770673275
4,Mutualistic09_route_memory_only,2,1,2 vs 3,0.849,0.08221227279864252,0.9702963456511497
4,Mutualistic09_route_memory_only,2,2,4 vs 5,0.9995,0.024964198702946305,0.9920429885387421
4,Mutualistic09_route_memory_only,3,0,0 vs 1,0.49,0.061446201987564564,0.97863944247365
4,Mutualistic09_route_memory_only,3,1,2 vs 3,0.4815,0.09269909281283617,0.9666340090334415
4,Mutualistic09_route_memory_only,3,2,4 vs 5,0.8835,0.019485937344143167,0.9933804236352444
4,Mutualistic09_route_memory_only,3,3,6 vs 7,1.0,0.012670508149312809,0.9958873689174652
4,Mutualistic09_route_memory_only,4,0,0 vs 1,0.375,0.08298239321447909,0.9736866056919098
4,Mutualistic09_route_memory_only,4,1,2 vs 3,0.499,0.10652475291863084,0.9660956002771854
4,Mutualistic09_route_memory_only,4,2,4 vs 5,0.9895,0.03048850758932531,0.9892999529838562
4,Mutualistic09_route_memory_only,4,3,6 vs 7,0.4165,0.028374074958264828,0.9909856542944908
4,Mutualistic09_route_memory_only,4,4,8 vs 9,0.998,0.0072153087094193324,0.9977094419300556
4,Mutualistic09_latent_only,0,0,0 vs 1,0.9885,0.14171612774953246,0.9568862766027451
4,Mutualistic09_latent_only,1,0,0 vs 1,0.983,0.08701444277539849,0.9730265960097313
4,Mutualistic09_latent_only,1,1,2 vs 3,0.9695,0.21278137434273958,0.9315893203020096
4,Mutualistic09_latent_only,2,0,0 vs 1,0.9855,0.12956577260047197,0.9631203413009644
4,Mutualistic09_latent_only,2,1,2 vs 3,0.9675,0.4596815723925829,0.8216229490935802
4,Mutualistic09_latent_only,2,2,4 vs 5,1.0,0.014106461341725662,0.9968953542411327
4,Mutualistic09_latent_only,3,0,0 vs 1,0.983,0.464886037632823,0.7527725622057915
4,Mutualistic09_latent_only,3,1,2 vs 3,0.968,0.5495025496929884,0.7904413491487503
4,Mutualistic09_latent_only,3,2,4 vs 5,1.0,0.00872159402933903,0.9982572421431541
4,Mutualistic09_latent_only,3,3,6 vs 7,1.0,0.004159618343692273,0.9993523694574833
4,Mutualistic09_latent_only,4,0,0 vs 1,0.983,0.5446035657078028,0.7890476733446121
4,Mutualistic09_latent_only,4,1,2 vs 3,0.9685,0.7601994350552559,0.6954178176820278
4,Mutualistic09_latent_only,4,2,4 vs 5,0.9995,0.014779357996303588,0.9970629289746284
4,Mutualistic09_latent_only,4,3,6 vs 7,1.0,0.0045954610977787524,0.9993891902267933
4,Mutualistic09_latent_only,4,4,8 vs 9,0.9975,0.0021084781328681856,0.9997257925570011
4,Mutualistic09_route_plus_latent,0,0,0 vs 1,0.9885,0.14171612774953246,0.9568862766027451
4,Mutualistic09_route_plus_latent,1,0,0 vs 1,0.9845,0.1346014547161758,0.9632827900350094
4,Mutualistic09_route_plus_latent,1,1,2 vs 3,0.973,0.3327725902199745,0.8830950185656548
4,Mutualistic09_route_plus_latent,2,0,0 vs 1,0.9845,0.17640271876007318,0.9511368498206139
4,Mutualistic09_route_plus_latent,2,1,2 vs 3,0.9695,0.43073253333568573,0.86009506508708
4,Mutualistic09_route_plus_latent,2,2,4 vs 5,0.9995,0.010445077292388305,0.9978999570012093
4,Mutualistic09_route_plus_latent,3,0,0 vs 1,0.984,0.2656951826065779,0.9267685413360596
4,Mutualistic09_route_plus_latent,3,1,2 vs 3,0.9715,0.506313418969512,0.8430866785347462
4,Mutualistic09_route_plus_latent,3,2,4 vs 5,0.9995,0.008046954870223999,0.9980727657675743
4,Mutualistic09_route_plus_latent,3,3,6 vs 7,1.0,0.0026364922377979383,0.9995817020535469
4,Mutualistic09_route_plus_latent,4,0,0 vs 1,0.985,0.3751946557313204,0.8934281766414642
4,Mutualistic09_route_plus_latent,4,1,2 vs 3,0.9725,0.6309171244502068,0.8148414343595505
4,Mutualistic09_route_plus_latent,4,2,4 vs 5,0.9995,0.031011940445750952,0.9909204207360744
4,Mutualistic09_route_plus_latent,4,3,6 vs 7,1.0,0.01436585298506543,0.9975457973778248
4,Mutualistic09_route_plus_latent,4,4,8 vs 9,0.998,0.001837102507124655,0.9997357316315174
4,Mutualistic09_full_functional_memory,0,0,0 vs 1,0.991,0.12097964435815811,0.9627052992582321
4,Mutualistic09_full_functional_memory,1,0,0 vs 1,0.992,0.12740914290770888,0.9637136682868004
4,Mutualistic09_full_functional_memory,1,1,2 vs 3,0.9655,0.2113214796409011,0.9292150475084782
4,Mutualistic09_full_functional_memory,2,0,0 vs 1,0.99,0.14869348285719752,0.956668458878994
4,Mutualistic09_full_functional_memory,2,1,2 vs 3,0.969,0.240457265637815,0.9206442423164845
4,Mutualistic09_full_functional_memory,2,2,4 vs 5,1.0,0.007768825555103831,0.998335987329483
4,Mutualistic09_full_functional_memory,3,0,0 vs 1,0.9905,0.16972945258021355,0.9530237019062042
4,Mutualistic09_full_functional_memory,3,1,2 vs 3,0.967,0.24892729427665472,0.9218737296760082
4,Mutualistic09_full_functional_memory,3,2,4 vs 5,1.0,0.021128427586518228,0.9962020888924599
4,Mutualistic09_full_functional_memory,3,3,6 vs 7,1.0,0.0036501329741440713,0.9994659051299095
4,Mutualistic09_full_functional_memory,4,0,0 vs 1,0.9915,0.18805019464343786,0.9468739032745361
4,Mutualistic09_full_functional_memory,4,1,2 vs 3,0.9665,0.27612303011119366,0.9132253415882587
4,Mutualistic09_full_functional_memory,4,2,4 vs 5,0.999,0.021292292862199247,0.9959915094077587
4,Mutualistic09_full_functional_memory,4,3,6 vs 7,0.9995,0.006596644947421737,0.9989019557833672
4,Mutualistic09_full_functional_memory,4,4,8 vs 9,0.998,0.006561152069480158,0.9981489479541779
5,Mutualistic09_distill_only,0,0,0 vs 1,0.9925,0.06890791491605341,0.9825077690184116
5,Mutualistic09_distill_only,1,0,0 vs 1,0.9915,0.08144526742398739,0.979902695864439
5,Mutualistic09_distill_only,1,1,2 vs 3,0.9735,0.049877619137987494,0.987853579223156
5,Mutualistic09_distill_only,2,0,0 vs 1,0.992,0.07167280092835426,0.9824497811496258
5,Mutualistic09_distill_only,2,1,2 vs 3,0.9755,0.05053397035226226,0.987871702760458
5,Mutualistic09_distill_only,2,2,4 vs 5,1.0,0.004424765851581469,0.9991338215768337
5,Mutualistic09_distill_only,3,0,0 vs 1,0.992,0.06336658983491361,0.9844575002789497
5,Mutualistic09_distill_only,3,1,2 vs 3,0.974,0.047577980905771255,0.9884139634668827
5,Mutualistic09_distill_only,3,2,4 vs 5,1.0,0.0024810872419038787,0.999518807977438
5,Mutualistic09_distill_only,3,3,6 vs 7,1.0,0.002023584432208736,0.9995399676263332
5,Mutualistic09_distill_only,4,0,0 vs 1,0.992,0.056674882071092725,0.9862840250134468
5,Mutualistic09_distill_only,4,1,2 vs 3,0.9735,0.04638748662546277,0.988211564719677
5,Mutualistic09_distill_only,4,2,4 vs 5,1.0,0.002083054738250212,0.9994869418442249
5,Mutualistic09_distill_only,4,3,6 vs 7,1.0,0.002342858017073013,0.9995794966816902
5,Mutualistic09_distill_only,4,4,8 vs 9,0.9975,0.016234211056143977,0.9940759725868702
5,Mutualistic09_route_memory_only,0,0,0 vs 1,0.9925,0.06890791491605341,0.9825077690184116
5,Mutualistic09_route_memory_only,1,0,0 vs 1,0.855,0.06140766781754792,0.9857440069317818
5,Mutualistic09_route_memory_only,1,1,2 vs 3,0.97,0.06889604777097702,0.9819808788597584
5,Mutualistic09_route_memory_only,2,0,0 vs 1,0.5085,0.02230597162269987,0.992947768419981
5,Mutualistic09_route_memory_only,2,1,2 vs 3,0.645,0.0345888891024515,0.9896290190517902
5,Mutualistic09_route_memory_only,2,2,4 vs 5,1.0,0.003117404514341615,0.999445166438818
5,Mutualistic09_route_memory_only,3,0,0 vs 1,0.5085,0.020674540661275387,0.9938242323696613
5,Mutualistic09_route_memory_only,3,1,2 vs 3,0.508,0.03598475537728518,0.9895854368805885
5,Mutualistic09_route_memory_only,3,2,4 vs 5,0.9975,0.00269733730237931,0.9993708617985249
5,Mutualistic09_route_memory_only,3,3,6 vs 7,0.9995,0.0014089421433709504,0.9996545650064945
5,Mutualistic09_route_memory_only,4,0,0 vs 1,0.1475,0.03768611897248775,0.9895051270723343
5,Mutualistic09_route_memory_only,4,1,2 vs 3,0.56,0.04175571561791003,0.9889579564332962
5,Mutualistic09_route_memory_only,4,2,4 vs 5,0.0165,0.01808459489257075,0.9947501681745052
5,Mutualistic09_route_memory_only,4,3,6 vs 7,0.779,0.008448437467450276,0.9976495057344437
5,Mutualistic09_route_memory_only,4,4,8 vs 9,0.9975,0.0027260662627668353,0.999334491789341
5,Mutualistic09_latent_only,0,0,0 vs 1,0.9925,0.06890791491605341,0.9825077690184116
5,Mutualistic09_latent_only,1,0,0 vs 1,0.988,0.022529848210979253,0.9958957470953465
5,Mutualistic09_latent_only,1,1,2 vs 3,0.974,0.10280379257164896,0.9630354195833206
5,Mutualistic09_latent_only,2,0,0 vs 1,0.986,0.09422539174556732,0.9694053903222084
5,Mutualistic09_latent_only,2,1,2 vs 3,0.975,0.10075174365192652,0.9758503139019012
5,Mutualistic09_latent_only,2,2,4 vs 5,1.0,0.0012615076993824914,0.9998657666146755
5,Mutualistic09_latent_only,3,0,0 vs 1,0.9825,0.15702553186565638,0.9469648599624634
5,Mutualistic09_latent_only,3,1,2 vs 3,0.9715,0.03682766342535615,0.9932522252202034
5,Mutualistic09_latent_only,3,2,4 vs 5,1.0,0.0002564769029049785,0.9999774731695652
5,Mutualistic09_latent_only,3,3,6 vs 7,1.0,0.0003604482035370893,0.9999631755053997
5,Mutualistic09_latent_only,4,0,0 vs 1,0.9825,0.16057018097490072,0.9461788907647133
5,Mutualistic09_latent_only,4,1,2 vs 3,0.97,0.03201499464921653,0.9942280240356922
5,Mutualistic09_latent_only,4,2,4 vs 5,1.0,7.492410873055633e-05,0.9999939873814583
5,Mutualistic09_latent_only,4,3,6 vs 7,1.0,0.0002138107538485201,0.9999793022871017
5,Mutualistic09_latent_only,4,4,8 vs 9,0.9975,0.0008249975253420416,0.99989303201437
5,Mutualistic09_route_plus_latent,0,0,0 vs 1,0.9925,0.06890791491605341,0.9825077690184116
5,Mutualistic09_route_plus_latent,1,0,0 vs 1,0.987,0.06231493619270623,0.9874827601015568
5,Mutualistic09_route_plus_latent,1,1,2 vs 3,0.9685,0.11543383193202317,0.9593495465815067
5,Mutualistic09_route_plus_latent,2,0,0 vs 1,0.986,0.07947039208374918,0.9848349429666996
5,Mutualistic09_route_plus_latent,2,1,2 vs 3,0.968,0.2231811098754406,0.9322618693113327
5,Mutualistic09_route_plus_latent,2,2,4 vs 5,1.0,0.0026474456972209737,0.9996982030570507
5,Mutualistic09_route_plus_latent,3,0,0 vs 1,0.986,0.1182825337164104,0.973770197480917
5,Mutualistic09_route_plus_latent,3,1,2 vs 3,0.968,0.3115459531545639,0.8949526660144329
5,Mutualistic09_route_plus_latent,3,2,4 vs 5,1.0,0.03726688609458506,0.9932248219847679
5,Mutualistic09_route_plus_latent,3,3,6 vs 7,1.0,7.679612440369965e-05,0.9999932795763016
5,Mutualistic09_route_plus_latent,4,0,0 vs 1,0.987,0.11341387499123812,0.9739878997206688
5,Mutualistic09_route_plus_latent,4,1,2 vs 3,0.969,0.5972076393663883,0.7320506125688553
5,Mutualistic09_route_plus_latent,4,2,4 vs 5,1.0,0.0419883793219924,0.9917174726724625
5,Mutualistic09_route_plus_latent,4,3,6 vs 7,1.0,0.00098436895859777,0.9998820722103119
5,Mutualistic09_route_plus_latent,4,4,8 vs 9,0.9975,0.014276161178713664,0.9955005869269371
5,Mutualistic09_full_functional_memory,0,0,0 vs 1,0.992,0.09847995871677995,0.970710139721632
5,Mutualistic09_full_functional_memory,1,0,0 vs 1,0.988,0.11399171780794859,0.9647979028522968
5,Mutualistic09_full_functional_memory,1,1,2 vs 3,0.9695,0.120342165697366,0.9546725191175938
5,Mutualistic09_full_functional_memory,2,0,0 vs 1,0.989,0.09766895067878067,0.9696160145103931
5,Mutualistic09_full_functional_memory,2,1,2 vs 3,0.9685,0.14943500887602568,0.9435425586998463
5,Mutualistic09_full_functional_memory,2,2,4 vs 5,1.0,0.0065213313937420025,0.9983734376728535
5,Mutualistic09_full_functional_memory,3,0,0 vs 1,0.989,0.10737485508434474,0.9678920954465866
5,Mutualistic09_full_functional_memory,3,1,2 vs 3,0.9705,0.1678105490282178,0.9354606755077839
5,Mutualistic09_full_functional_memory,3,2,4 vs 5,1.0,0.00309952515817713,0.9992757588624954
5,Mutualistic09_full_functional_memory,3,3,6 vs 7,1.0,0.0036907477260683663,0.9992694854736328
5,Mutualistic09_full_functional_memory,4,0,0 vs 1,0.9895,0.11592451622709632,0.965693473815918
5,Mutualistic09_full_functional_memory,4,1,2 vs 3,0.9705,0.17247774172574282,0.9337772689759731
5,Mutualistic09_full_functional_memory,4,2,4 vs 5,1.0,0.002117973352142144,0.9995815344154835
5,Mutualistic09_full_functional_memory,4,3,6 vs 7,1.0,0.0023802961623005103,0.999488826841116
5,Mutualistic09_full_functional_memory,4,4,8 vs 9,0.998,0.00610310876800213,0.9987734965980053
6,Mutualistic09_distill_only,0,0,0 vs 1,0.986,0.09273930639028549,0.9710651859641075
6,Mutualistic09_distill_only,1,0,0 vs 1,0.988,0.10081808688119054,0.9714320562779903
6,Mutualistic09_distill_only,1,1,2 vs 3,0.9645,0.12337232753634453,0.9583075530827045
6,Mutualistic09_distill_only,2,0,0 vs 1,0.9865,0.09833457600325346,0.9702747315168381
6,Mutualistic09_distill_only,2,1,2 vs 3,0.968,0.09862583642825484,0.9663203805685043
6,Mutualistic09_distill_only,2,2,4 vs 5,1.0,0.007139574270695448,0.9984621331095695
6,Mutualistic09_distill_only,3,0,0 vs 1,0.986,0.09383437689393759,0.97168343141675
6,Mutualistic09_distill_only,3,1,2 vs 3,0.966,0.09916746756061912,0.9659838564693928
6,Mutualistic09_distill_only,3,2,4 vs 5,1.0,0.0059798603324452415,0.9987122863531113
6,Mutualistic09_distill_only,3,3,6 vs 7,1.0,0.0033165469430969097,0.9993171095848083
6,Mutualistic09_distill_only,4,0,0 vs 1,0.987,0.08552484447136521,0.976104125380516
6,Mutualistic09_distill_only,4,1,2 vs 3,0.967,0.10070477239787579,0.9661545418202877
6,Mutualistic09_distill_only,4,2,4 vs 5,1.0,0.007269447916769423,0.9985448755323887
6,Mutualistic09_distill_only,4,3,6 vs 7,1.0,0.006896368198795244,0.9985783994197845
6,Mutualistic09_distill_only,4,4,8 vs 9,0.998,0.004815471129404614,0.9987852461636066
6,Mutualistic09_route_memory_only,0,0,0 vs 1,0.986,0.09273930639028549,0.9710651859641075
6,Mutualistic09_route_memory_only,1,0,0 vs 1,0.929,0.04848755738930777,0.9841440804302692
6,Mutualistic09_route_memory_only,1,1,2 vs 3,0.9635,0.0958423838019371,0.9653410725295544
6,Mutualistic09_route_memory_only,2,0,0 vs 1,0.6815,0.042981252539902925,0.9851593933999538
6,Mutualistic09_route_memory_only,2,1,2 vs 3,0.7805,0.07659964729100466,0.9706487730145454
6,Mutualistic09_route_memory_only,2,2,4 vs 5,1.0,0.015828991919988766,0.9950222633779049
6,Mutualistic09_route_memory_only,3,0,0 vs 1,0.716,0.03949167451355606,0.9861399680376053
6,Mutualistic09_route_memory_only,3,1,2 vs 3,0.498,0.07105548796243966,0.9718501977622509
6,Mutualistic09_route_memory_only,3,2,4 vs 5,0.765,0.013610418973257765,0.9953494854271412
6,Mutualistic09_route_memory_only,3,3,6 vs 7,1.0,0.004724454571260139,0.9986333474516869
6,Mutualistic09_route_memory_only,4,0,0 vs 1,0.9235,0.06745534110814333,0.9781627394258976
6,Mutualistic09_route_memory_only,4,1,2 vs 3,0.571,0.09178391145542264,0.9658248946070671
6,Mutualistic09_route_memory_only,4,2,4 vs 5,0.664,0.03294476232258603,0.9896159842610359
6,Mutualistic09_route_memory_only,4,3,6 vs 7,0.9975,0.023701510450337082,0.9932894334197044
6,Mutualistic09_route_memory_only,4,4,8 vs 9,0.998,0.005324016106897034,0.9983835369348526
6,Mutualistic09_latent_only,0,0,0 vs 1,0.986,0.09273930639028549,0.9710651859641075
6,Mutualistic09_latent_only,1,0,0 vs 1,0.987,0.35231312923133373,0.842279028147459
6,Mutualistic09_latent_only,1,1,2 vs 3,0.968,0.05403254088014364,0.9884979650378227
6,Mutualistic09_latent_only,2,0,0 vs 1,0.988,0.2189120650291443,0.9209741614758968
6,Mutualistic09_latent_only,2,1,2 vs 3,0.9665,0.041141023160889745,0.9916864708065987
6,Mutualistic09_latent_only,2,2,4 vs 5,1.0,0.010730969792348333,0.9968127273023129
6,Mutualistic09_latent_only,3,0,0 vs 1,0.9875,0.2545523438602686,0.9132103286683559
6,Mutualistic09_latent_only,3,1,2 vs 3,0.966,0.02675726846791804,0.994769636541605
6,Mutualistic09_latent_only,3,2,4 vs 5,1.0,0.2468299763277173,0.8947496004402637
6,Mutualistic09_latent_only,3,3,6 vs 7,1.0,0.007991873426362872,0.9985989220440388
6,Mutualistic09_latent_only,4,0,0 vs 1,0.9865,0.20312039088457823,0.9293147101998329
6,Mutualistic09_latent_only,4,1,2 vs 3,0.965,0.032408904982730746,0.9935730881989002
6,Mutualistic09_latent_only,4,2,4 vs 5,1.0,0.17745524272322655,0.9344378560781479
6,Mutualistic09_latent_only,4,3,6 vs 7,1.0,0.10638930462300777,0.9630188159644604
6,Mutualistic09_latent_only,4,4,8 vs 9,0.9975,0.010665439651347697,0.9975974522531033
6,Mutualistic09_route_plus_latent,0,0,0 vs 1,0.986,0.09273930639028549,0.9710651859641075
6,Mutualistic09_route_plus_latent,1,0,0 vs 1,0.9855,0.17229458130896091,0.9476918540894985
6,Mutualistic09_route_plus_latent,1,1,2 vs 3,0.9705,0.05649368464946747,0.9875974655151367
6,Mutualistic09_route_plus_latent,2,0,0 vs 1,0.9855,0.15547288255766034,0.9521223455667496
6,Mutualistic09_route_plus_latent,2,1,2 vs 3,0.964,0.09795516217127442,0.9769519530236721
6,Mutualistic09_route_plus_latent,2,2,4 vs 5,1.0,0.04197898169513792,0.9849445708096027
6,Mutualistic09_route_plus_latent,3,0,0 vs 1,0.9865,0.17990081291645765,0.9470549374818802
6,Mutualistic09_route_plus_latent,3,1,2 vs 3,0.961,0.046588242053985596,0.9912564642727375
6,Mutualistic09_route_plus_latent,3,2,4 vs 5,0.999,0.06970539735630155,0.976809736341238
6,Mutualistic09_route_plus_latent,3,3,6 vs 7,1.0,0.002855229096894618,0.9995986893773079
6,Mutualistic09_route_plus_latent,4,0,0 vs 1,0.987,0.16669961484149098,0.9497345611453056
6,Mutualistic09_route_plus_latent,4,1,2 vs 3,0.9605,0.033645957708358765,0.9941637963056564
6,Mutualistic09_route_plus_latent,4,2,4 vs 5,0.999,0.10364045156165957,0.9613332375884056
6,Mutualistic09_route_plus_latent,4,3,6 vs 7,1.0,0.0035136937513016164,0.9993635006248951
6,Mutualistic09_route_plus_latent,4,4,8 vs 9,0.9975,0.0032702617791073862,0.9993424341082573
6,Mutualistic09_full_functional_memory,0,0,0 vs 1,0.9835,0.116297478787601,0.9655154682695866
6,Mutualistic09_full_functional_memory,1,0,0 vs 1,0.987,0.1549053923226893,0.9527408741414547
6,Mutualistic09_full_functional_memory,1,1,2 vs 3,0.967,0.14167676586657763,0.9442385621368885
6,Mutualistic09_full_functional_memory,2,0,0 vs 1,0.9865,0.16189558850601315,0.9505690410733223
6,Mutualistic09_full_functional_memory,2,1,2 vs 3,0.969,0.16218733042478561,0.9364593401551247
6,Mutualistic09_full_functional_memory,2,2,4 vs 5,1.0,0.008998757868539542,0.9979866445064545
6,Mutualistic09_full_functional_memory,3,0,0 vs 1,0.987,0.20186193473637104,0.942602202296257
6,Mutualistic09_full_functional_memory,3,1,2 vs 3,0.9685,0.16741700563579798,0.9368824660778046
6,Mutualistic09_full_functional_memory,3,2,4 vs 5,1.0,0.018096106592565775,0.9966052435338497
6,Mutualistic09_full_functional_memory,3,3,6 vs 7,1.0,0.008363955741515383,0.9983449727296829
6,Mutualistic09_full_functional_memory,4,0,0 vs 1,0.987,0.1835459554567933,0.9481288306415081
6,Mutualistic09_full_functional_memory,4,1,2 vs 3,0.9685,0.16657822113484144,0.938691146671772
6,Mutualistic09_full_functional_memory,4,2,4 vs 5,1.0,0.012794123409548774,0.9974583685398102
6,Mutualistic09_full_functional_memory,4,3,6 vs 7,1.0,0.012910749996080995,0.9975853078067303
6,Mutualistic09_full_functional_memory,4,4,8 vs 9,0.998,0.0034159396091126837,0.9992236122488976
7,Mutualistic09_distill_only,0,0,0 vs 1,0.986,0.09768500365316868,0.970992598682642
7,Mutualistic09_distill_only,1,0,0 vs 1,0.9885,0.09275585925206542,0.9735432900488377
7,Mutualistic09_distill_only,1,1,2 vs 3,0.975,0.11417496437206864,0.9614285230636597
7,Mutualistic09_distill_only,2,0,0 vs 1,0.987,0.06936558336019516,0.9782188981771469
7,Mutualistic09_distill_only,2,1,2 vs 3,0.974,0.0794262201525271,0.9688445255160332
7,Mutualistic09_distill_only,2,2,4 vs 5,1.0,0.03886741690803319,0.984558068215847
7,Mutualistic09_distill_only,3,0,0 vs 1,0.9865,0.06920047081075609,0.9785433858633041
7,Mutualistic09_distill_only,3,1,2 vs 3,0.974,0.06992059270851314,0.9719437211751938
7,Mutualistic09_distill_only,3,2,4 vs 5,1.0,0.11434696149080992,0.9472828507423401
7,Mutualistic09_distill_only,3,3,6 vs 7,1.0,0.006190714571857825,0.9983432777225971
7,Mutualistic09_distill_only,4,0,0 vs 1,0.987,0.07038349681533873,0.9778414890170097
7,Mutualistic09_distill_only,4,1,2 vs 3,0.9745,0.07060447102412581,0.9717887938022614
7,Mutualistic09_distill_only,4,2,4 vs 5,0.9995,0.03341270983219147,0.9865042231976986
7,Mutualistic09_distill_only,4,3,6 vs 7,1.0,0.003690117722726427,0.9991977103054523
7,Mutualistic09_distill_only,4,4,8 vs 9,0.9975,0.002054286789643811,0.9994505904614925
7,Mutualistic09_route_memory_only,0,0,0 vs 1,0.986,0.09768500365316868,0.970992598682642
7,Mutualistic09_route_memory_only,1,0,0 vs 1,0.954,0.07974799629300833,0.9762274138629436
7,Mutualistic09_route_memory_only,1,1,2 vs 3,0.9705,0.047254521399736404,0.9847691468894482
7,Mutualistic09_route_memory_only,2,0,0 vs 1,0.923,0.0782397089060396,0.9762255437672138
7,Mutualistic09_route_memory_only,2,1,2 vs 3,0.505,0.037945283111184835,0.985901590436697
7,Mutualistic09_route_memory_only,2,2,4 vs 5,1.0,0.029326820746064186,0.9880642257630825
7,Mutualistic09_route_memory_only,3,0,0 vs 1,0.4995,0.08152370015159249,0.9756973646581173
7,Mutualistic09_route_memory_only,3,1,2 vs 3,0.5005,0.031108305556699634,0.9888555482029915
7,Mutualistic09_route_memory_only,3,2,4 vs 5,0.967,0.03128914721310139,0.987466424703598
7,Mutualistic09_route_memory_only,3,3,6 vs 7,1.0,0.024378444475587457,0.9898410737514496
7,Mutualistic09_route_memory_only,4,0,0 vs 1,0.4995,0.07291621575132012,0.9784808941185474
7,Mutualistic09_route_memory_only,4,1,2 vs 3,0.501,0.023212861095089465,0.9924848489463329
7,Mutualistic09_route_memory_only,4,2,4 vs 5,0.266,0.031962219974957407,0.9872853308916092
7,Mutualistic09_route_memory_only,4,3,6 vs 7,0.8635,0.0340447009075433,0.9869773723185062
7,Mutualistic09_route_memory_only,4,4,8 vs 9,0.998,0.020096463500522077,0.9916284382343292
7,Mutualistic09_latent_only,0,0,0 vs 1,0.986,0.09768500365316868,0.970992598682642
7,Mutualistic09_latent_only,1,0,0 vs 1,0.9845,0.28469307720661163,0.9025144316256046
7,Mutualistic09_latent_only,1,1,2 vs 3,0.972,0.17121015768498182,0.9447768218815327
7,Mutualistic09_latent_only,2,0,0 vs 1,0.985,0.4347405359148979,0.8255068175494671
7,Mutualistic09_latent_only,2,1,2 vs 3,0.972,0.4215574413537979,0.8237753137946129
7,Mutualistic09_latent_only,2,2,4 vs 5,1.0,0.025662882602773607,0.9897735230624676
7,Mutualistic09_latent_only,3,0,0 vs 1,0.985,0.18872592318803072,0.9461545832455158
7,Mutualistic09_latent_only,3,1,2 vs 3,0.972,0.31439654156565666,0.8556667491793633
7,Mutualistic09_latent_only,3,2,4 vs 5,1.0,0.018105859344359487,0.9948877654969692
7,Mutualistic09_latent_only,3,3,6 vs 7,1.0,0.0059525747201405466,0.9990258477628231
7,Mutualistic09_latent_only,4,0,0 vs 1,0.986,0.2697201017290354,0.9041675366461277
7,Mutualistic09_latent_only,4,1,2 vs 3,0.9725,0.16547900438308716,0.9566647820174694
7,Mutualistic09_latent_only,4,2,4 vs 5,0.9995,0.003532720438670367,0.9987563453614712
7,Mutualistic09_latent_only,4,3,6 vs 7,1.0,0.0140917205135338,0.9974268153309822
7,Mutualistic09_latent_only,4,4,8 vs 9,0.998,0.005236089316895232,0.9987418465316296
7,Mutualistic09_route_plus_latent,0,0,0 vs 1,0.986,0.09768500365316868,0.970992598682642
7,Mutualistic09_route_plus_latent,1,0,0 vs 1,0.9805,0.08995504793711007,0.9732453376054764
7,Mutualistic09_route_plus_latent,1,1,2 vs 3,0.974,0.07615666184574366,0.9766826406121254
7,Mutualistic09_route_plus_latent,2,0,0 vs 1,0.981,0.11313887173309922,0.9647768922150135
7,Mutualistic09_route_plus_latent,2,1,2 vs 3,0.9745,0.10213527642190456,0.9694004841148853
7,Mutualistic09_route_plus_latent,2,2,4 vs 5,1.0,0.010880108166020364,0.9961892627179623
7,Mutualistic09_route_plus_latent,3,0,0 vs 1,0.9815,0.17169736605137587,0.9530805051326752
7,Mutualistic09_route_plus_latent,3,1,2 vs 3,0.972,0.18950031884014606,0.9470731280744076
7,Mutualistic09_route_plus_latent,3,2,4 vs 5,1.0,0.02328737679636106,0.9904883801937103
7,Mutualistic09_route_plus_latent,3,3,6 vs 7,0.9995,0.0030062141122471076,0.998890470713377
7,Mutualistic09_route_plus_latent,4,0,0 vs 1,0.983,0.17331942729651928,0.9525039531290531
7,Mutualistic09_route_plus_latent,4,1,2 vs 3,0.971,0.19138943124562502,0.9453784376382828
7,Mutualistic09_route_plus_latent,4,2,4 vs 5,1.0,0.011723502277163789,0.9956304132938385
7,Mutualistic09_route_plus_latent,4,3,6 vs 7,0.9995,0.004395423049572855,0.999201986938715
7,Mutualistic09_route_plus_latent,4,4,8 vs 9,0.9975,0.029871632403228432,0.9877562336623669
7,Mutualistic09_full_functional_memory,0,0,0 vs 1,0.9795,0.09930611541494727,0.9685054644942284
7,Mutualistic09_full_functional_memory,1,0,0 vs 1,0.982,0.1483790073543787,0.9514079168438911
7,Mutualistic09_full_functional_memory,1,1,2 vs 3,0.966,0.005091053229989484,0.9993188045918941
7,Mutualistic09_full_functional_memory,2,0,0 vs 1,0.9825,0.1632923884317279,0.9515545591711998
7,Mutualistic09_full_functional_memory,2,1,2 vs 3,0.9675,0.012615549319889396,0.9982010275125504
7,Mutualistic09_full_functional_memory,2,2,4 vs 5,0.9995,0.0032767474331194535,0.999339148402214
7,Mutualistic09_full_functional_memory,3,0,0 vs 1,0.982,0.1684467140585184,0.9527109824120998
7,Mutualistic09_full_functional_memory,3,1,2 vs 3,0.9665,0.007831592170987278,0.9989870600402355
7,Mutualistic09_full_functional_memory,3,2,4 vs 5,0.9995,0.0011940080692056654,0.9996374286711216
7,Mutualistic09_full_functional_memory,3,3,6 vs 7,1.0,0.004284376133000478,0.9992532767355442
7,Mutualistic09_full_functional_memory,4,0,0 vs 1,0.982,0.16708368808031082,0.9532246999442577
7,Mutualistic09_full_functional_memory,4,1,2 vs 3,0.9675,0.004711759043857455,0.9993824362754822
7,Mutualistic09_full_functional_memory,4,2,4 vs 5,0.9995,0.0016765826603659661,0.9995962493121624
7,Mutualistic09_full_functional_memory,4,3,6 vs 7,1.0,0.007079147937474772,0.998113751411438
7,Mutualistic09_full_functional_memory,4,4,8 vs 9,0.9975,0.016859385737916455,0.9933053962886333
8,Mutualistic09_distill_only,0,0,0 vs 1,0.9885,0.10806511668488383,0.9672915861010551
8,Mutualistic09_distill_only,1,0,0 vs 1,0.9865,0.10939130326732993,0.9679595790803432
8,Mutualistic09_distill_only,1,1,2 vs 3,0.9745,0.1064095520414412,0.9654663614928722
8,Mutualistic09_distill_only,2,0,0 vs 1,0.9885,0.08251356380060315,0.9750012569129467
8,Mutualistic09_distill_only,2,1,2 vs 3,0.9755,0.09865631349384785,0.9672592952847481
8,Mutualistic09_distill_only,2,2,4 vs 5,1.0,0.014564191369572654,0.9974364452064037
8,Mutualistic09_distill_only,3,0,0 vs 1,0.987,0.08527891314588487,0.9738211706280708
8,Mutualistic09_distill_only,3,1,2 vs 3,0.974,0.0979095078073442,0.9673898033797741
8,Mutualistic09_distill_only,3,2,4 vs 5,0.9995,0.01927718467777595,0.9963050968945026
8,Mutualistic09_distill_only,3,3,6 vs 7,1.0,0.0005977097998766112,0.9998762607574463
8,Mutualistic09_distill_only,4,0,0 vs 1,0.987,0.08790157549083233,0.972789827734232
8,Mutualistic09_distill_only,4,1,2 vs 3,0.975,0.1024143137037754,0.9660097137093544
8,Mutualistic09_distill_only,4,2,4 vs 5,0.9995,0.01289199836901389,0.9977719001471996
8,Mutualistic09_distill_only,4,3,6 vs 7,1.0,0.0007602491350553464,0.9998486675322056
8,Mutualistic09_distill_only,4,4,8 vs 9,0.997,0.0015138525595830288,0.9997024983167648
8,Mutualistic09_route_memory_only,0,0,0 vs 1,0.9885,0.10806511668488383,0.9672915861010551
8,Mutualistic09_route_memory_only,1,0,0 vs 1,0.833,0.13588777696713805,0.9615641981363297
8,Mutualistic09_route_memory_only,1,1,2 vs 3,0.9725,0.09667400224134326,0.9704791605472565
8,Mutualistic09_route_memory_only,2,0,0 vs 1,0.403,0.05572658241726458,0.9807291701436043
8,Mutualistic09_route_memory_only,2,1,2 vs 3,0.8355,0.05268879630602896,0.9809120483696461
8,Mutualistic09_route_memory_only,2,2,4 vs 5,1.0,0.013247449489426799,0.9945477917790413
8,Mutualistic09_route_memory_only,3,0,0 vs 1,0.4405,0.05386516451835632,0.9815128743648529
8,Mutualistic09_route_memory_only,3,1,2 vs 3,0.5,0.06040378916077316,0.9769388362765312
8,Mutualistic09_route_memory_only,3,2,4 vs 5,0.9805,0.00891367181611713,0.9966906048357487
8,Mutualistic09_route_memory_only,3,3,6 vs 7,1.0,0.0047941387092578225,0.9983500391244888
8,Mutualistic09_route_memory_only,4,0,0 vs 1,0.5,0.07072547287680209,0.9756834506988525
8,Mutualistic09_route_memory_only,4,1,2 vs 3,0.584,0.044654421508312225,0.984065406024456
8,Mutualistic09_route_memory_only,4,2,4 vs 5,0.4215,0.009177027168334462,0.9963495433330536
8,Mutualistic09_route_memory_only,4,3,6 vs 7,0.7685,0.0015655958218303567,0.9994515031576157
8,Mutualistic09_route_memory_only,4,4,8 vs 9,0.998,0.011875332609633915,0.9956220276653767
8,Mutualistic09_latent_only,0,0,0 vs 1,0.9885,0.10806511668488383,0.9672915861010551
8,Mutualistic09_latent_only,1,0,0 vs 1,0.9855,0.32599481381475925,0.899446364492178
8,Mutualistic09_latent_only,1,1,2 vs 3,0.973,0.10244384594261646,0.9679356515407562
8,Mutualistic09_latent_only,2,0,0 vs 1,0.986,0.3367568217217922,0.8988371714949608
8,Mutualistic09_latent_only,2,1,2 vs 3,0.9745,0.25074454955756664,0.8964278474450111
8,Mutualistic09_latent_only,2,2,4 vs 5,1.0,0.007814256503479555,0.9988864548504353
8,Mutualistic09_latent_only,3,0,0 vs 1,0.9855,0.5601992066949606,0.8213114403188229
8,Mutualistic09_latent_only,3,1,2 vs 3,0.9705,0.8059379197657108,0.6353683955967426
8,Mutualistic09_latent_only,3,2,4 vs 5,1.0,0.01325886242557317,0.9982358403503895
8,Mutualistic09_latent_only,3,3,6 vs 7,1.0,6.46901441996306e-05,0.999994982033968
8,Mutualistic09_latent_only,4,0,0 vs 1,0.9865,0.6995571739971638,0.7727563753724098
8,Mutualistic09_latent_only,4,1,2 vs 3,0.9685,0.6517089121043682,0.7652378305792809
8,Mutualistic09_latent_only,4,2,4 vs 5,0.9995,0.0048896097869146615,0.9994298070669174
8,Mutualistic09_latent_only,4,3,6 vs 7,1.0,0.004470409025088884,0.9992723166942596
8,Mutualistic09_latent_only,4,4,8 vs 9,0.998,0.000603448846959509,0.9999385848641396
8,Mutualistic09_route_plus_latent,0,0,0 vs 1,0.9885,0.10806511668488383,0.9672915861010551
8,Mutualistic09_route_plus_latent,1,0,0 vs 1,0.984,0.14315950870513916,0.9594358280301094
8,Mutualistic09_route_plus_latent,1,1,2 vs 3,0.9735,0.10738346818834543,0.9645430892705917
8,Mutualistic09_route_plus_latent,2,0,0 vs 1,0.986,0.1931942431256175,0.944423858076334
8,Mutualistic09_route_plus_latent,2,1,2 vs 3,0.973,0.306398905813694,0.8922569863498211
8,Mutualistic09_route_plus_latent,2,2,4 vs 5,1.0,0.005337312730262056,0.9993020370602608
8,Mutualistic09_route_plus_latent,3,0,0 vs 1,0.985,0.20947979483753443,0.9442942589521408
8,Mutualistic09_route_plus_latent,3,1,2 vs 3,0.9715,0.36431465670466423,0.8838541619479656
8,Mutualistic09_route_plus_latent,3,2,4 vs 5,1.0,0.012334079248830676,0.9982249327003956
8,Mutualistic09_route_plus_latent,3,3,6 vs 7,1.0,0.11654506111517549,0.9506699740886688
8,Mutualistic09_route_plus_latent,4,0,0 vs 1,0.986,0.23236028291285038,0.9388978481292725
8,Mutualistic09_route_plus_latent,4,1,2 vs 3,0.97,0.33165941573679447,0.8976061418652534
8,Mutualistic09_route_plus_latent,4,2,4 vs 5,0.9995,0.0031770975183462724,0.9996420480310917
8,Mutualistic09_route_plus_latent,4,3,6 vs 7,1.0,0.12086348608136177,0.9521073214709759
8,Mutualistic09_route_plus_latent,4,4,8 vs 9,0.9965,0.001170249335700646,0.9998744577169418
8,Mutualistic09_full_functional_memory,0,0,0 vs 1,0.9865,0.09389600018039346,0.971210852265358
8,Mutualistic09_full_functional_memory,1,0,0 vs 1,0.987,0.1082774386741221,0.9683033525943756
8,Mutualistic09_full_functional_memory,1,1,2 vs 3,0.972,0.13044892437756062,0.9584713354706764
8,Mutualistic09_full_functional_memory,2,0,0 vs 1,0.988,0.11833234038203955,0.9646573327481747
8,Mutualistic09_full_functional_memory,2,1,2 vs 3,0.9715,0.15227341977879405,0.952791441231966
8,Mutualistic09_full_functional_memory,2,2,4 vs 5,1.0,0.0018333011303184321,0.9997270703315735
8,Mutualistic09_full_functional_memory,3,0,0 vs 1,0.988,0.14054556237533689,0.9609924033284187
8,Mutualistic09_full_functional_memory,3,1,2 vs 3,0.972,0.16418471932411194,0.9516878612339497
8,Mutualistic09_full_functional_memory,3,2,4 vs 5,1.0,0.013623700011521578,0.9979570508003235
8,Mutualistic09_full_functional_memory,3,3,6 vs 7,1.0,0.004708023814600892,0.9991456530988216
8,Mutualistic09_full_functional_memory,4,0,0 vs 1,0.99,0.15320418495684862,0.9574743546545506
8,Mutualistic09_full_functional_memory,4,1,2 vs 3,0.9705,0.16752264089882374,0.950436782091856
8,Mutualistic09_full_functional_memory,4,2,4 vs 5,0.9995,0.0007312077468668576,0.9999242015182972
8,Mutualistic09_full_functional_memory,4,3,6 vs 7,1.0,0.007834829797502607,0.9986102357506752
8,Mutualistic09_full_functional_memory,4,4,8 vs 9,0.997,0.000340439237334067,0.9999577663838863
9,Mutualistic09_distill_only,0,0,0 vs 1,0.9875,0.12872762000188231,0.9602905102074146
9,Mutualistic09_distill_only,1,0,0 vs 1,0.99,0.16420738073065877,0.9481613710522652
9,Mutualistic09_distill_only,1,1,2 vs 3,0.9725,0.06410693447105587,0.9848237931728363
9,Mutualistic09_distill_only,2,0,0 vs 1,0.989,0.1391403111629188,0.9566240273416042
9,Mutualistic09_distill_only,2,1,2 vs 3,0.9735,0.07102689822204411,0.9826067835092545
9,Mutualistic09_distill_only,2,2,4 vs 5,0.9995,0.0074943467625416815,0.9981445595622063
9,Mutualistic09_distill_only,3,0,0 vs 1,0.9885,0.1503746286034584,0.9541359730064869
9,Mutualistic09_distill_only,3,1,2 vs 3,0.974,0.06653891038149595,0.9833547808229923
9,Mutualistic09_distill_only,3,2,4 vs 5,1.0,0.0016986931586870924,0.9995044618844986
9,Mutualistic09_distill_only,3,3,6 vs 7,1.0,0.0035400422566453926,0.9992234110832214
9,Mutualistic09_distill_only,4,0,0 vs 1,0.9875,0.13208466675132513,0.9598983637988567
9,Mutualistic09_distill_only,4,1,2 vs 3,0.972,0.051745640113949776,0.9870915934443474
9,Mutualistic09_distill_only,4,2,4 vs 5,1.0,0.002085377026560309,0.9994101114571095
9,Mutualistic09_distill_only,4,3,6 vs 7,1.0,0.0044489442589110695,0.998437937349081
9,Mutualistic09_distill_only,4,4,8 vs 9,0.998,0.0161056995857507,0.9959754794836044
9,Mutualistic09_route_memory_only,0,0,0 vs 1,0.9875,0.12872762000188231,0.9602905102074146
9,Mutualistic09_route_memory_only,1,0,0 vs 1,0.478,0.11317123798653483,0.9629285521805286
9,Mutualistic09_route_memory_only,1,1,2 vs 3,0.9695,0.14202292868867517,0.947226244956255
9,Mutualistic09_route_memory_only,2,0,0 vs 1,0.8335,0.09225188381969929,0.9680608510971069
9,Mutualistic09_route_memory_only,2,1,2 vs 3,0.68,0.09918204369023442,0.9639602527022362
9,Mutualistic09_route_memory_only,2,2,4 vs 5,0.9995,0.007906380880740471,0.9980030171573162
9,Mutualistic09_route_memory_only,3,0,0 vs 1,0.511,0.09057016763836145,0.9687870219349861
9,Mutualistic09_route_memory_only,3,1,2 vs 3,0.754,0.1110796956345439,0.9602800644934177
9,Mutualistic09_route_memory_only,3,2,4 vs 5,0.943,0.004608748458849732,0.9989549443125725
9,Mutualistic09_route_memory_only,3,3,6 vs 7,1.0,0.009806279675103724,0.99712123721838
9,Mutualistic09_route_memory_only,4,0,0 vs 1,0.504,0.09381501050665975,0.9687896594405174
9,Mutualistic09_route_memory_only,4,1,2 vs 3,0.5085,0.11855836631730199,0.9529206566512585
9,Mutualistic09_route_memory_only,4,2,4 vs 5,0.971,0.012910688572446816,0.9961448460817337
9,Mutualistic09_route_memory_only,4,3,6 vs 7,0.9325,0.019243981398176402,0.9940694496035576
9,Mutualistic09_route_memory_only,4,4,8 vs 9,0.998,0.005813388645037776,0.9983741529285908
9,Mutualistic09_latent_only,0,0,0 vs 1,0.9875,0.12872762000188231,0.9602905102074146
9,Mutualistic09_latent_only,1,0,0 vs 1,0.987,0.13101480528712273,0.9665543995797634
9,Mutualistic09_latent_only,1,1,2 vs 3,0.971,0.12344750948250294,0.9482319392263889
9,Mutualistic09_latent_only,2,0,0 vs 1,0.9885,0.01192190742585808,0.9974049814045429
9,Mutualistic09_latent_only,2,1,2 vs 3,0.973,0.08500258671119809,0.9687580466270447
9,Mutualistic09_latent_only,2,2,4 vs 5,1.0,0.003595177870010957,0.9991934858262539
9,Mutualistic09_latent_only,3,0,0 vs 1,0.987,0.25241853389889,0.9133426919579506
9,Mutualistic09_latent_only,3,1,2 vs 3,0.9735,0.33665401861071587,0.838564682751894
9,Mutualistic09_latent_only,3,2,4 vs 5,1.0,0.20178864244371653,0.9267101585865021
9,Mutualistic09_latent_only,3,3,6 vs 7,1.0,0.0031521452256129123,0.9994960464537144
9,Mutualistic09_latent_only,4,0,0 vs 1,0.9865,0.4185906145721674,0.8231517896056175
9,Mutualistic09_latent_only,4,1,2 vs 3,0.9715,0.25496587436646223,0.8976273462176323
9,Mutualistic09_latent_only,4,2,4 vs 5,0.9995,0.3422982394695282,0.8850821815431118
9,Mutualistic09_latent_only,4,3,6 vs 7,1.0,0.3328261375427246,0.8162143565714359
9,Mutualistic09_latent_only,4,4,8 vs 9,0.998,0.039016137016005814,0.9862581230700016
9,Mutualistic09_route_plus_latent,0,0,0 vs 1,0.9875,0.12872762000188231,0.9602905102074146
9,Mutualistic09_route_plus_latent,1,0,0 vs 1,0.988,0.21481881383806467,0.9324839003384113
9,Mutualistic09_route_plus_latent,1,1,2 vs 3,0.973,0.19463409949094057,0.9192229025065899
9,Mutualistic09_route_plus_latent,2,0,0 vs 1,0.987,0.18232068978250027,0.9463416486978531
9,Mutualistic09_route_plus_latent,2,1,2 vs 3,0.973,0.18622915633022785,0.9214104041457176
9,Mutualistic09_route_plus_latent,2,2,4 vs 5,0.9995,0.007626299746334553,0.9981713965535164
9,Mutualistic09_route_plus_latent,3,0,0 vs 1,0.9875,0.19650961738079786,0.9466141425073147
9,Mutualistic09_route_plus_latent,3,1,2 vs 3,0.974,0.1967972982674837,0.9157085157930851
9,Mutualistic09_route_plus_latent,3,2,4 vs 5,1.0,0.010510708001675084,0.9969998300075531
9,Mutualistic09_route_plus_latent,3,3,6 vs 7,1.0,0.0028183129034005105,0.9995921142399311
9,Mutualistic09_route_plus_latent,4,0,0 vs 1,0.984,0.15710498671978712,0.9567499719560146
9,Mutualistic09_route_plus_latent,4,1,2 vs 3,0.9705,0.18791190721094608,0.9230843186378479
9,Mutualistic09_route_plus_latent,4,2,4 vs 5,1.0,0.012353203957900405,0.9975608438253403
9,Mutualistic09_route_plus_latent,4,3,6 vs 7,1.0,0.007240313818329014,0.9984659627079964
9,Mutualistic09_route_plus_latent,4,4,8 vs 9,0.9965,0.018543099868111312,0.9935858398675919
9,Mutualistic09_full_functional_memory,0,0,0 vs 1,0.983,0.12380659719929099,0.9638509787619114
9,Mutualistic09_full_functional_memory,1,0,0 vs 1,0.981,0.11192991072311997,0.9648059830069542
9,Mutualistic09_full_functional_memory,1,1,2 vs 3,0.972,0.05555991758592427,0.9863143488764763
9,Mutualistic09_full_functional_memory,2,0,0 vs 1,0.9815,0.133097555488348,0.9596323072910309
9,Mutualistic09_full_functional_memory,2,1,2 vs 3,0.9735,0.12262834422290325,0.9710231684148312
9,Mutualistic09_full_functional_memory,2,2,4 vs 5,0.9995,0.01919141079997644,0.9935402385890484
9,Mutualistic09_full_functional_memory,3,0,0 vs 1,0.9825,0.17718241643160582,0.9510936364531517
9,Mutualistic09_full_functional_memory,3,1,2 vs 3,0.9735,0.09377705724909902,0.9795190766453743
9,Mutualistic09_full_functional_memory,3,2,4 vs 5,1.0,0.03214937401935458,0.990093782544136
9,Mutualistic09_full_functional_memory,3,3,6 vs 7,1.0,0.003010831838764716,0.999249093234539
9,Mutualistic09_full_functional_memory,4,0,0 vs 1,0.984,0.16743610613048077,0.9537934176623821
9,Mutualistic09_full_functional_memory,4,1,2 vs 3,0.9745,0.09102605748921633,0.979791134595871
9,Mutualistic09_full_functional_memory,4,2,4 vs 5,0.9995,0.042395416647195816,0.9849158972501755
9,Mutualistic09_full_functional_memory,4,3,6 vs 7,1.0,0.0025011436446220614,0.9996451400220394
9,Mutualistic09_full_functional_memory,4,4,8 vs 9,0.997,0.011079607822466642,0.9975039660930634
